oss: Starting memory management simulation
oss: Launched P0 with PID 39857 at time 0:0
oss: Launched P1 with PID 39858 at time 0:500000000

Current memory layout at time 0:500000000 is:
Frame	Occupied	DirtyBit	Process	Page
0	No		0		-1	-1
1	No		0		-1	-1
2	No		0		-1	-1
3	No		0		-1	-1
4	No		0		-1	-1
5	No		0		-1	-1
6	No		0		-1	-1
7	No		0		-1	-1
8	No		0		-1	-1
9	No		0		-1	-1
10	No		0		-1	-1
11	No		0		-1	-1
12	No		0		-1	-1
13	No		0		-1	-1
14	No		0		-1	-1
15	No		0		-1	-1
16	No		0		-1	-1
17	No		0		-1	-1
18	No		0		-1	-1
19	No		0		-1	-1
20	No		0		-1	-1
21	No		0		-1	-1
22	No		0		-1	-1
23	No		0		-1	-1
24	No		0		-1	-1
25	No		0		-1	-1
26	No		0		-1	-1
27	No		0		-1	-1
28	No		0		-1	-1
29	No		0		-1	-1
30	No		0		-1	-1
31	No		0		-1	-1
32	No		0		-1	-1
33	No		0		-1	-1
34	No		0		-1	-1
35	No		0		-1	-1
36	No		0		-1	-1
37	No		0		-1	-1
38	No		0		-1	-1
39	No		0		-1	-1
40	No		0		-1	-1
41	No		0		-1	-1
42	No		0		-1	-1
43	No		0		-1	-1
44	No		0		-1	-1
45	No		0		-1	-1
46	No		0		-1	-1
47	No		0		-1	-1
48	No		0		-1	-1
49	No		0		-1	-1
50	No		0		-1	-1
51	No		0		-1	-1
52	No		0		-1	-1
53	No		0		-1	-1
54	No		0		-1	-1
55	No		0		-1	-1
56	No		0		-1	-1
57	No		0		-1	-1
58	No		0		-1	-1
59	No		0		-1	-1
60	No		0		-1	-1
61	No		0		-1	-1
62	No		0		-1	-1
63	No		0		-1	-1

Page Tables:
P0 page table: [ -1 -1 -1 -1 -1 -1 -1 -1 -1 -1 -1 -1 -1 -1 -1 -1 ]
P1 page table: [ -1 -1 -1 -1 -1 -1 -1 -1 -1 -1 -1 -1 -1 -1 -1 -1 ]

Blocked Queue:
None


Current memory layout at time 1:0 is:
Frame	Occupied	DirtyBit	Process	Page
0	No		0		-1	-1
1	No		0		-1	-1
2	No		0		-1	-1
3	No		0		-1	-1
4	No		0		-1	-1
5	No		0		-1	-1
6	No		0		-1	-1
7	No		0		-1	-1
8	No		0		-1	-1
9	No		0		-1	-1
10	No		0		-1	-1
11	No		0		-1	-1
12	No		0		-1	-1
13	No		0		-1	-1
14	No		0		-1	-1
15	No		0		-1	-1
16	No		0		-1	-1
17	No		0		-1	-1
18	No		0		-1	-1
19	No		0		-1	-1
20	No		0		-1	-1
21	No		0		-1	-1
22	No		0		-1	-1
23	No		0		-1	-1
24	No		0		-1	-1
25	No		0		-1	-1
26	No		0		-1	-1
27	No		0		-1	-1
28	No		0		-1	-1
29	No		0		-1	-1
30	No		0		-1	-1
31	No		0		-1	-1
32	No		0		-1	-1
33	No		0		-1	-1
34	No		0		-1	-1
35	No		0		-1	-1
36	No		0		-1	-1
37	No		0		-1	-1
38	No		0		-1	-1
39	No		0		-1	-1
40	No		0		-1	-1
41	No		0		-1	-1
42	No		0		-1	-1
43	No		0		-1	-1
44	No		0		-1	-1
45	No		0		-1	-1
46	No		0		-1	-1
47	No		0		-1	-1
48	No		0		-1	-1
49	No		0		-1	-1
50	No		0		-1	-1
51	No		0		-1	-1
52	No		0		-1	-1
53	No		0		-1	-1
54	No		0		-1	-1
55	No		0		-1	-1
56	No		0		-1	-1
57	No		0		-1	-1
58	No		0		-1	-1
59	No		0		-1	-1
60	No		0		-1	-1
61	No		0		-1	-1
62	No		0		-1	-1
63	No		0		-1	-1

Page Tables:
P0 page table: [ -1 -1 -1 -1 -1 -1 -1 -1 -1 -1 -1 -1 -1 -1 -1 -1 ]
P1 page table: [ -1 -1 -1 -1 -1 -1 -1 -1 -1 -1 -1 -1 -1 -1 -1 -1 ]

Blocked Queue:
None


Current memory layout at time 1:500000000 is:
Frame	Occupied	DirtyBit	Process	Page
0	No		0		-1	-1
1	No		0		-1	-1
2	No		0		-1	-1
3	No		0		-1	-1
4	No		0		-1	-1
5	No		0		-1	-1
6	No		0		-1	-1
7	No		0		-1	-1
8	No		0		-1	-1
9	No		0		-1	-1
10	No		0		-1	-1
11	No		0		-1	-1
12	No		0		-1	-1
13	No		0		-1	-1
14	No		0		-1	-1
15	No		0		-1	-1
16	No		0		-1	-1
17	No		0		-1	-1
18	No		0		-1	-1
19	No		0		-1	-1
20	No		0		-1	-1
21	No		0		-1	-1
22	No		0		-1	-1
23	No		0		-1	-1
24	No		0		-1	-1
25	No		0		-1	-1
26	No		0		-1	-1
27	No		0		-1	-1
28	No		0		-1	-1
29	No		0		-1	-1
30	No		0		-1	-1
31	No		0		-1	-1
32	No		0		-1	-1
33	No		0		-1	-1
34	No		0		-1	-1
35	No		0		-1	-1
36	No		0		-1	-1
37	No		0		-1	-1
38	No		0		-1	-1
39	No		0		-1	-1
40	No		0		-1	-1
41	No		0		-1	-1
42	No		0		-1	-1
43	No		0		-1	-1
44	No		0		-1	-1
45	No		0		-1	-1
46	No		0		-1	-1
47	No		0		-1	-1
48	No		0		-1	-1
49	No		0		-1	-1
50	No		0		-1	-1
51	No		0		-1	-1
52	No		0		-1	-1
53	No		0		-1	-1
54	No		0		-1	-1
55	No		0		-1	-1
56	No		0		-1	-1
57	No		0		-1	-1
58	No		0		-1	-1
59	No		0		-1	-1
60	No		0		-1	-1
61	No		0		-1	-1
62	No		0		-1	-1
63	No		0		-1	-1

Page Tables:
P0 page table: [ -1 -1 -1 -1 -1 -1 -1 -1 -1 -1 -1 -1 -1 -1 -1 -1 ]
P1 page table: [ -1 -1 -1 -1 -1 -1 -1 -1 -1 -1 -1 -1 -1 -1 -1 -1 ]

Blocked Queue:
None


Current memory layout at time 2:0 is:
Frame	Occupied	DirtyBit	Process	Page
0	No		0		-1	-1
1	No		0		-1	-1
2	No		0		-1	-1
3	No		0		-1	-1
4	No		0		-1	-1
5	No		0		-1	-1
6	No		0		-1	-1
7	No		0		-1	-1
8	No		0		-1	-1
9	No		0		-1	-1
10	No		0		-1	-1
11	No		0		-1	-1
12	No		0		-1	-1
13	No		0		-1	-1
14	No		0		-1	-1
15	No		0		-1	-1
16	No		0		-1	-1
17	No		0		-1	-1
18	No		0		-1	-1
19	No		0		-1	-1
20	No		0		-1	-1
21	No		0		-1	-1
22	No		0		-1	-1
23	No		0		-1	-1
24	No		0		-1	-1
25	No		0		-1	-1
26	No		0		-1	-1
27	No		0		-1	-1
28	No		0		-1	-1
29	No		0		-1	-1
30	No		0		-1	-1
31	No		0		-1	-1
32	No		0		-1	-1
33	No		0		-1	-1
34	No		0		-1	-1
35	No		0		-1	-1
36	No		0		-1	-1
37	No		0		-1	-1
38	No		0		-1	-1
39	No		0		-1	-1
40	No		0		-1	-1
41	No		0		-1	-1
42	No		0		-1	-1
43	No		0		-1	-1
44	No		0		-1	-1
45	No		0		-1	-1
46	No		0		-1	-1
47	No		0		-1	-1
48	No		0		-1	-1
49	No		0		-1	-1
50	No		0		-1	-1
51	No		0		-1	-1
52	No		0		-1	-1
53	No		0		-1	-1
54	No		0		-1	-1
55	No		0		-1	-1
56	No		0		-1	-1
57	No		0		-1	-1
58	No		0		-1	-1
59	No		0		-1	-1
60	No		0		-1	-1
61	No		0		-1	-1
62	No		0		-1	-1
63	No		0		-1	-1

Page Tables:
P0 page table: [ -1 -1 -1 -1 -1 -1 -1 -1 -1 -1 -1 -1 -1 -1 -1 -1 ]
P1 page table: [ -1 -1 -1 -1 -1 -1 -1 -1 -1 -1 -1 -1 -1 -1 -1 -1 ]

Blocked Queue:
None


Current memory layout at time 2:500000000 is:
Frame	Occupied	DirtyBit	Process	Page
0	No		0		-1	-1
1	No		0		-1	-1
2	No		0		-1	-1
3	No		0		-1	-1
4	No		0		-1	-1
5	No		0		-1	-1
6	No		0		-1	-1
7	No		0		-1	-1
8	No		0		-1	-1
9	No		0		-1	-1
10	No		0		-1	-1
11	No		0		-1	-1
12	No		0		-1	-1
13	No		0		-1	-1
14	No		0		-1	-1
15	No		0		-1	-1
16	No		0		-1	-1
17	No		0		-1	-1
18	No		0		-1	-1
19	No		0		-1	-1
20	No		0		-1	-1
21	No		0		-1	-1
22	No		0		-1	-1
23	No		0		-1	-1
24	No		0		-1	-1
25	No		0		-1	-1
26	No		0		-1	-1
27	No		0		-1	-1
28	No		0		-1	-1
29	No		0		-1	-1
30	No		0		-1	-1
31	No		0		-1	-1
32	No		0		-1	-1
33	No		0		-1	-1
34	No		0		-1	-1
35	No		0		-1	-1
36	No		0		-1	-1
37	No		0		-1	-1
38	No		0		-1	-1
39	No		0		-1	-1
40	No		0		-1	-1
41	No		0		-1	-1
42	No		0		-1	-1
43	No		0		-1	-1
44	No		0		-1	-1
45	No		0		-1	-1
46	No		0		-1	-1
47	No		0		-1	-1
48	No		0		-1	-1
49	No		0		-1	-1
50	No		0		-1	-1
51	No		0		-1	-1
52	No		0		-1	-1
53	No		0		-1	-1
54	No		0		-1	-1
55	No		0		-1	-1
56	No		0		-1	-1
57	No		0		-1	-1
58	No		0		-1	-1
59	No		0		-1	-1
60	No		0		-1	-1
61	No		0		-1	-1
62	No		0		-1	-1
63	No		0		-1	-1

Page Tables:
P0 page table: [ -1 -1 -1 -1 -1 -1 -1 -1 -1 -1 -1 -1 -1 -1 -1 -1 ]
P1 page table: [ -1 -1 -1 -1 -1 -1 -1 -1 -1 -1 -1 -1 -1 -1 -1 -1 ]

Blocked Queue:
None


Current memory layout at time 3:0 is:
Frame	Occupied	DirtyBit	Process	Page
0	No		0		-1	-1
1	No		0		-1	-1
2	No		0		-1	-1
3	No		0		-1	-1
4	No		0		-1	-1
5	No		0		-1	-1
6	No		0		-1	-1
7	No		0		-1	-1
8	No		0		-1	-1
9	No		0		-1	-1
10	No		0		-1	-1
11	No		0		-1	-1
12	No		0		-1	-1
13	No		0		-1	-1
14	No		0		-1	-1
15	No		0		-1	-1
16	No		0		-1	-1
17	No		0		-1	-1
18	No		0		-1	-1
19	No		0		-1	-1
20	No		0		-1	-1
21	No		0		-1	-1
22	No		0		-1	-1
23	No		0		-1	-1
24	No		0		-1	-1
25	No		0		-1	-1
26	No		0		-1	-1
27	No		0		-1	-1
28	No		0		-1	-1
29	No		0		-1	-1
30	No		0		-1	-1
31	No		0		-1	-1
32	No		0		-1	-1
33	No		0		-1	-1
34	No		0		-1	-1
35	No		0		-1	-1
36	No		0		-1	-1
37	No		0		-1	-1
38	No		0		-1	-1
39	No		0		-1	-1
40	No		0		-1	-1
41	No		0		-1	-1
42	No		0		-1	-1
43	No		0		-1	-1
44	No		0		-1	-1
45	No		0		-1	-1
46	No		0		-1	-1
47	No		0		-1	-1
48	No		0		-1	-1
49	No		0		-1	-1
50	No		0		-1	-1
51	No		0		-1	-1
52	No		0		-1	-1
53	No		0		-1	-1
54	No		0		-1	-1
55	No		0		-1	-1
56	No		0		-1	-1
57	No		0		-1	-1
58	No		0		-1	-1
59	No		0		-1	-1
60	No		0		-1	-1
61	No		0		-1	-1
62	No		0		-1	-1
63	No		0		-1	-1

Page Tables:
P0 page table: [ -1 -1 -1 -1 -1 -1 -1 -1 -1 -1 -1 -1 -1 -1 -1 -1 ]
P1 page table: [ -1 -1 -1 -1 -1 -1 -1 -1 -1 -1 -1 -1 -1 -1 -1 -1 ]

Blocked Queue:
None


Current memory layout at time 3:500000000 is:
Frame	Occupied	DirtyBit	Process	Page
0	No		0		-1	-1
1	No		0		-1	-1
2	No		0		-1	-1
3	No		0		-1	-1
4	No		0		-1	-1
5	No		0		-1	-1
6	No		0		-1	-1
7	No		0		-1	-1
8	No		0		-1	-1
9	No		0		-1	-1
10	No		0		-1	-1
11	No		0		-1	-1
12	No		0		-1	-1
13	No		0		-1	-1
14	No		0		-1	-1
15	No		0		-1	-1
16	No		0		-1	-1
17	No		0		-1	-1
18	No		0		-1	-1
19	No		0		-1	-1
20	No		0		-1	-1
21	No		0		-1	-1
22	No		0		-1	-1
23	No		0		-1	-1
24	No		0		-1	-1
25	No		0		-1	-1
26	No		0		-1	-1
27	No		0		-1	-1
28	No		0		-1	-1
29	No		0		-1	-1
30	No		0		-1	-1
31	No		0		-1	-1
32	No		0		-1	-1
33	No		0		-1	-1
34	No		0		-1	-1
35	No		0		-1	-1
36	No		0		-1	-1
37	No		0		-1	-1
38	No		0		-1	-1
39	No		0		-1	-1
40	No		0		-1	-1
41	No		0		-1	-1
42	No		0		-1	-1
43	No		0		-1	-1
44	No		0		-1	-1
45	No		0		-1	-1
46	No		0		-1	-1
47	No		0		-1	-1
48	No		0		-1	-1
49	No		0		-1	-1
50	No		0		-1	-1
51	No		0		-1	-1
52	No		0		-1	-1
53	No		0		-1	-1
54	No		0		-1	-1
55	No		0		-1	-1
56	No		0		-1	-1
57	No		0		-1	-1
58	No		0		-1	-1
59	No		0		-1	-1
60	No		0		-1	-1
61	No		0		-1	-1
62	No		0		-1	-1
63	No		0		-1	-1

Page Tables:
P0 page table: [ -1 -1 -1 -1 -1 -1 -1 -1 -1 -1 -1 -1 -1 -1 -1 -1 ]
P1 page table: [ -1 -1 -1 -1 -1 -1 -1 -1 -1 -1 -1 -1 -1 -1 -1 -1 ]

Blocked Queue:
None


Current memory layout at time 4:0 is:
Frame	Occupied	DirtyBit	Process	Page
0	No		0		-1	-1
1	No		0		-1	-1
2	No		0		-1	-1
3	No		0		-1	-1
4	No		0		-1	-1
5	No		0		-1	-1
6	No		0		-1	-1
7	No		0		-1	-1
8	No		0		-1	-1
9	No		0		-1	-1
10	No		0		-1	-1
11	No		0		-1	-1
12	No		0		-1	-1
13	No		0		-1	-1
14	No		0		-1	-1
15	No		0		-1	-1
16	No		0		-1	-1
17	No		0		-1	-1
18	No		0		-1	-1
19	No		0		-1	-1
20	No		0		-1	-1
21	No		0		-1	-1
22	No		0		-1	-1
23	No		0		-1	-1
24	No		0		-1	-1
25	No		0		-1	-1
26	No		0		-1	-1
27	No		0		-1	-1
28	No		0		-1	-1
29	No		0		-1	-1
30	No		0		-1	-1
31	No		0		-1	-1
32	No		0		-1	-1
33	No		0		-1	-1
34	No		0		-1	-1
35	No		0		-1	-1
36	No		0		-1	-1
37	No		0		-1	-1
38	No		0		-1	-1
39	No		0		-1	-1
40	No		0		-1	-1
41	No		0		-1	-1
42	No		0		-1	-1
43	No		0		-1	-1
44	No		0		-1	-1
45	No		0		-1	-1
46	No		0		-1	-1
47	No		0		-1	-1
48	No		0		-1	-1
49	No		0		-1	-1
50	No		0		-1	-1
51	No		0		-1	-1
52	No		0		-1	-1
53	No		0		-1	-1
54	No		0		-1	-1
55	No		0		-1	-1
56	No		0		-1	-1
57	No		0		-1	-1
58	No		0		-1	-1
59	No		0		-1	-1
60	No		0		-1	-1
61	No		0		-1	-1
62	No		0		-1	-1
63	No		0		-1	-1

Page Tables:
P0 page table: [ -1 -1 -1 -1 -1 -1 -1 -1 -1 -1 -1 -1 -1 -1 -1 -1 ]
P1 page table: [ -1 -1 -1 -1 -1 -1 -1 -1 -1 -1 -1 -1 -1 -1 -1 -1 ]

Blocked Queue:
None


Current memory layout at time 4:500000000 is:
Frame	Occupied	DirtyBit	Process	Page
0	No		0		-1	-1
1	No		0		-1	-1
2	No		0		-1	-1
3	No		0		-1	-1
4	No		0		-1	-1
5	No		0		-1	-1
6	No		0		-1	-1
7	No		0		-1	-1
8	No		0		-1	-1
9	No		0		-1	-1
10	No		0		-1	-1
11	No		0		-1	-1
12	No		0		-1	-1
13	No		0		-1	-1
14	No		0		-1	-1
15	No		0		-1	-1
16	No		0		-1	-1
17	No		0		-1	-1
18	No		0		-1	-1
19	No		0		-1	-1
20	No		0		-1	-1
21	No		0		-1	-1
22	No		0		-1	-1
23	No		0		-1	-1
24	No		0		-1	-1
25	No		0		-1	-1
26	No		0		-1	-1
27	No		0		-1	-1
28	No		0		-1	-1
29	No		0		-1	-1
30	No		0		-1	-1
31	No		0		-1	-1
32	No		0		-1	-1
33	No		0		-1	-1
34	No		0		-1	-1
35	No		0		-1	-1
36	No		0		-1	-1
37	No		0		-1	-1
38	No		0		-1	-1
39	No		0		-1	-1
40	No		0		-1	-1
41	No		0		-1	-1
42	No		0		-1	-1
43	No		0		-1	-1
44	No		0		-1	-1
45	No		0		-1	-1
46	No		0		-1	-1
47	No		0		-1	-1
48	No		0		-1	-1
49	No		0		-1	-1
50	No		0		-1	-1
51	No		0		-1	-1
52	No		0		-1	-1
53	No		0		-1	-1
54	No		0		-1	-1
55	No		0		-1	-1
56	No		0		-1	-1
57	No		0		-1	-1
58	No		0		-1	-1
59	No		0		-1	-1
60	No		0		-1	-1
61	No		0		-1	-1
62	No		0		-1	-1
63	No		0		-1	-1

Page Tables:
P0 page table: [ -1 -1 -1 -1 -1 -1 -1 -1 -1 -1 -1 -1 -1 -1 -1 -1 ]
P1 page table: [ -1 -1 -1 -1 -1 -1 -1 -1 -1 -1 -1 -1 -1 -1 -1 -1 ]

Blocked Queue:
None


Current memory layout at time 5:0 is:
Frame	Occupied	DirtyBit	Process	Page
0	No		0		-1	-1
1	No		0		-1	-1
2	No		0		-1	-1
3	No		0		-1	-1
4	No		0		-1	-1
5	No		0		-1	-1
6	No		0		-1	-1
7	No		0		-1	-1
8	No		0		-1	-1
9	No		0		-1	-1
10	No		0		-1	-1
11	No		0		-1	-1
12	No		0		-1	-1
13	No		0		-1	-1
14	No		0		-1	-1
15	No		0		-1	-1
16	No		0		-1	-1
17	No		0		-1	-1
18	No		0		-1	-1
19	No		0		-1	-1
20	No		0		-1	-1
21	No		0		-1	-1
22	No		0		-1	-1
23	No		0		-1	-1
24	No		0		-1	-1
25	No		0		-1	-1
26	No		0		-1	-1
27	No		0		-1	-1
28	No		0		-1	-1
29	No		0		-1	-1
30	No		0		-1	-1
31	No		0		-1	-1
32	No		0		-1	-1
33	No		0		-1	-1
34	No		0		-1	-1
35	No		0		-1	-1
36	No		0		-1	-1
37	No		0		-1	-1
38	No		0		-1	-1
39	No		0		-1	-1
40	No		0		-1	-1
41	No		0		-1	-1
42	No		0		-1	-1
43	No		0		-1	-1
44	No		0		-1	-1
45	No		0		-1	-1
46	No		0		-1	-1
47	No		0		-1	-1
48	No		0		-1	-1
49	No		0		-1	-1
50	No		0		-1	-1
51	No		0		-1	-1
52	No		0		-1	-1
53	No		0		-1	-1
54	No		0		-1	-1
55	No		0		-1	-1
56	No		0		-1	-1
57	No		0		-1	-1
58	No		0		-1	-1
59	No		0		-1	-1
60	No		0		-1	-1
61	No		0		-1	-1
62	No		0		-1	-1
63	No		0		-1	-1

Page Tables:
P0 page table: [ -1 -1 -1 -1 -1 -1 -1 -1 -1 -1 -1 -1 -1 -1 -1 -1 ]
P1 page table: [ -1 -1 -1 -1 -1 -1 -1 -1 -1 -1 -1 -1 -1 -1 -1 -1 ]

Blocked Queue:
None


Current memory layout at time 5:500000000 is:
Frame	Occupied	DirtyBit	Process	Page
0	No		0		-1	-1
1	No		0		-1	-1
2	No		0		-1	-1
3	No		0		-1	-1
4	No		0		-1	-1
5	No		0		-1	-1
6	No		0		-1	-1
7	No		0		-1	-1
8	No		0		-1	-1
9	No		0		-1	-1
10	No		0		-1	-1
11	No		0		-1	-1
12	No		0		-1	-1
13	No		0		-1	-1
14	No		0		-1	-1
15	No		0		-1	-1
16	No		0		-1	-1
17	No		0		-1	-1
18	No		0		-1	-1
19	No		0		-1	-1
20	No		0		-1	-1
21	No		0		-1	-1
22	No		0		-1	-1
23	No		0		-1	-1
24	No		0		-1	-1
25	No		0		-1	-1
26	No		0		-1	-1
27	No		0		-1	-1
28	No		0		-1	-1
29	No		0		-1	-1
30	No		0		-1	-1
31	No		0		-1	-1
32	No		0		-1	-1
33	No		0		-1	-1
34	No		0		-1	-1
35	No		0		-1	-1
36	No		0		-1	-1
37	No		0		-1	-1
38	No		0		-1	-1
39	No		0		-1	-1
40	No		0		-1	-1
41	No		0		-1	-1
42	No		0		-1	-1
43	No		0		-1	-1
44	No		0		-1	-1
45	No		0		-1	-1
46	No		0		-1	-1
47	No		0		-1	-1
48	No		0		-1	-1
49	No		0		-1	-1
50	No		0		-1	-1
51	No		0		-1	-1
52	No		0		-1	-1
53	No		0		-1	-1
54	No		0		-1	-1
55	No		0		-1	-1
56	No		0		-1	-1
57	No		0		-1	-1
58	No		0		-1	-1
59	No		0		-1	-1
60	No		0		-1	-1
61	No		0		-1	-1
62	No		0		-1	-1
63	No		0		-1	-1

Page Tables:
P0 page table: [ -1 -1 -1 -1 -1 -1 -1 -1 -1 -1 -1 -1 -1 -1 -1 -1 ]
P1 page table: [ -1 -1 -1 -1 -1 -1 -1 -1 -1 -1 -1 -1 -1 -1 -1 -1 ]

Blocked Queue:
None


Current memory layout at time 6:0 is:
Frame	Occupied	DirtyBit	Process	Page
0	No		0		-1	-1
1	No		0		-1	-1
2	No		0		-1	-1
3	No		0		-1	-1
4	No		0		-1	-1
5	No		0		-1	-1
6	No		0		-1	-1
7	No		0		-1	-1
8	No		0		-1	-1
9	No		0		-1	-1
10	No		0		-1	-1
11	No		0		-1	-1
12	No		0		-1	-1
13	No		0		-1	-1
14	No		0		-1	-1
15	No		0		-1	-1
16	No		0		-1	-1
17	No		0		-1	-1
18	No		0		-1	-1
19	No		0		-1	-1
20	No		0		-1	-1
21	No		0		-1	-1
22	No		0		-1	-1
23	No		0		-1	-1
24	No		0		-1	-1
25	No		0		-1	-1
26	No		0		-1	-1
27	No		0		-1	-1
28	No		0		-1	-1
29	No		0		-1	-1
30	No		0		-1	-1
31	No		0		-1	-1
32	No		0		-1	-1
33	No		0		-1	-1
34	No		0		-1	-1
35	No		0		-1	-1
36	No		0		-1	-1
37	No		0		-1	-1
38	No		0		-1	-1
39	No		0		-1	-1
40	No		0		-1	-1
41	No		0		-1	-1
42	No		0		-1	-1
43	No		0		-1	-1
44	No		0		-1	-1
45	No		0		-1	-1
46	No		0		-1	-1
47	No		0		-1	-1
48	No		0		-1	-1
49	No		0		-1	-1
50	No		0		-1	-1
51	No		0		-1	-1
52	No		0		-1	-1
53	No		0		-1	-1
54	No		0		-1	-1
55	No		0		-1	-1
56	No		0		-1	-1
57	No		0		-1	-1
58	No		0		-1	-1
59	No		0		-1	-1
60	No		0		-1	-1
61	No		0		-1	-1
62	No		0		-1	-1
63	No		0		-1	-1

Page Tables:
P0 page table: [ -1 -1 -1 -1 -1 -1 -1 -1 -1 -1 -1 -1 -1 -1 -1 -1 ]
P1 page table: [ -1 -1 -1 -1 -1 -1 -1 -1 -1 -1 -1 -1 -1 -1 -1 -1 ]

Blocked Queue:
None


Current memory layout at time 6:500000000 is:
Frame	Occupied	DirtyBit	Process	Page
0	No		0		-1	-1
1	No		0		-1	-1
2	No		0		-1	-1
3	No		0		-1	-1
4	No		0		-1	-1
5	No		0		-1	-1
6	No		0		-1	-1
7	No		0		-1	-1
8	No		0		-1	-1
9	No		0		-1	-1
10	No		0		-1	-1
11	No		0		-1	-1
12	No		0		-1	-1
13	No		0		-1	-1
14	No		0		-1	-1
15	No		0		-1	-1
16	No		0		-1	-1
17	No		0		-1	-1
18	No		0		-1	-1
19	No		0		-1	-1
20	No		0		-1	-1
21	No		0		-1	-1
22	No		0		-1	-1
23	No		0		-1	-1
24	No		0		-1	-1
25	No		0		-1	-1
26	No		0		-1	-1
27	No		0		-1	-1
28	No		0		-1	-1
29	No		0		-1	-1
30	No		0		-1	-1
31	No		0		-1	-1
32	No		0		-1	-1
33	No		0		-1	-1
34	No		0		-1	-1
35	No		0		-1	-1
36	No		0		-1	-1
37	No		0		-1	-1
38	No		0		-1	-1
39	No		0		-1	-1
40	No		0		-1	-1
41	No		0		-1	-1
42	No		0		-1	-1
43	No		0		-1	-1
44	No		0		-1	-1
45	No		0		-1	-1
46	No		0		-1	-1
47	No		0		-1	-1
48	No		0		-1	-1
49	No		0		-1	-1
50	No		0		-1	-1
51	No		0		-1	-1
52	No		0		-1	-1
53	No		0		-1	-1
54	No		0		-1	-1
55	No		0		-1	-1
56	No		0		-1	-1
57	No		0		-1	-1
58	No		0		-1	-1
59	No		0		-1	-1
60	No		0		-1	-1
61	No		0		-1	-1
62	No		0		-1	-1
63	No		0		-1	-1

Page Tables:
P0 page table: [ -1 -1 -1 -1 -1 -1 -1 -1 -1 -1 -1 -1 -1 -1 -1 -1 ]
P1 page table: [ -1 -1 -1 -1 -1 -1 -1 -1 -1 -1 -1 -1 -1 -1 -1 -1 ]

Blocked Queue:
None


Current memory layout at time 7:0 is:
Frame	Occupied	DirtyBit	Process	Page
0	No		0		-1	-1
1	No		0		-1	-1
2	No		0		-1	-1
3	No		0		-1	-1
4	No		0		-1	-1
5	No		0		-1	-1
6	No		0		-1	-1
7	No		0		-1	-1
8	No		0		-1	-1
9	No		0		-1	-1
10	No		0		-1	-1
11	No		0		-1	-1
12	No		0		-1	-1
13	No		0		-1	-1
14	No		0		-1	-1
15	No		0		-1	-1
16	No		0		-1	-1
17	No		0		-1	-1
18	No		0		-1	-1
19	No		0		-1	-1
20	No		0		-1	-1
21	No		0		-1	-1
22	No		0		-1	-1
23	No		0		-1	-1
24	No		0		-1	-1
25	No		0		-1	-1
26	No		0		-1	-1
27	No		0		-1	-1
28	No		0		-1	-1
29	No		0		-1	-1
30	No		0		-1	-1
31	No		0		-1	-1
32	No		0		-1	-1
33	No		0		-1	-1
34	No		0		-1	-1
35	No		0		-1	-1
36	No		0		-1	-1
37	No		0		-1	-1
38	No		0		-1	-1
39	No		0		-1	-1
40	No		0		-1	-1
41	No		0		-1	-1
42	No		0		-1	-1
43	No		0		-1	-1
44	No		0		-1	-1
45	No		0		-1	-1
46	No		0		-1	-1
47	No		0		-1	-1
48	No		0		-1	-1
49	No		0		-1	-1
50	No		0		-1	-1
51	No		0		-1	-1
52	No		0		-1	-1
53	No		0		-1	-1
54	No		0		-1	-1
55	No		0		-1	-1
56	No		0		-1	-1
57	No		0		-1	-1
58	No		0		-1	-1
59	No		0		-1	-1
60	No		0		-1	-1
61	No		0		-1	-1
62	No		0		-1	-1
63	No		0		-1	-1

Page Tables:
P0 page table: [ -1 -1 -1 -1 -1 -1 -1 -1 -1 -1 -1 -1 -1 -1 -1 -1 ]
P1 page table: [ -1 -1 -1 -1 -1 -1 -1 -1 -1 -1 -1 -1 -1 -1 -1 -1 ]

Blocked Queue:
None


Current memory layout at time 7:500000000 is:
Frame	Occupied	DirtyBit	Process	Page
0	No		0		-1	-1
1	No		0		-1	-1
2	No		0		-1	-1
3	No		0		-1	-1
4	No		0		-1	-1
5	No		0		-1	-1
6	No		0		-1	-1
7	No		0		-1	-1
8	No		0		-1	-1
9	No		0		-1	-1
10	No		0		-1	-1
11	No		0		-1	-1
12	No		0		-1	-1
13	No		0		-1	-1
14	No		0		-1	-1
15	No		0		-1	-1
16	No		0		-1	-1
17	No		0		-1	-1
18	No		0		-1	-1
19	No		0		-1	-1
20	No		0		-1	-1
21	No		0		-1	-1
22	No		0		-1	-1
23	No		0		-1	-1
24	No		0		-1	-1
25	No		0		-1	-1
26	No		0		-1	-1
27	No		0		-1	-1
28	No		0		-1	-1
29	No		0		-1	-1
30	No		0		-1	-1
31	No		0		-1	-1
32	No		0		-1	-1
33	No		0		-1	-1
34	No		0		-1	-1
35	No		0		-1	-1
36	No		0		-1	-1
37	No		0		-1	-1
38	No		0		-1	-1
39	No		0		-1	-1
40	No		0		-1	-1
41	No		0		-1	-1
42	No		0		-1	-1
43	No		0		-1	-1
44	No		0		-1	-1
45	No		0		-1	-1
46	No		0		-1	-1
47	No		0		-1	-1
48	No		0		-1	-1
49	No		0		-1	-1
50	No		0		-1	-1
51	No		0		-1	-1
52	No		0		-1	-1
53	No		0		-1	-1
54	No		0		-1	-1
55	No		0		-1	-1
56	No		0		-1	-1
57	No		0		-1	-1
58	No		0		-1	-1
59	No		0		-1	-1
60	No		0		-1	-1
61	No		0		-1	-1
62	No		0		-1	-1
63	No		0		-1	-1

Page Tables:
P0 page table: [ -1 -1 -1 -1 -1 -1 -1 -1 -1 -1 -1 -1 -1 -1 -1 -1 ]
P1 page table: [ -1 -1 -1 -1 -1 -1 -1 -1 -1 -1 -1 -1 -1 -1 -1 -1 ]

Blocked Queue:
None


Current memory layout at time 8:0 is:
Frame	Occupied	DirtyBit	Process	Page
0	No		0		-1	-1
1	No		0		-1	-1
2	No		0		-1	-1
3	No		0		-1	-1
4	No		0		-1	-1
5	No		0		-1	-1
6	No		0		-1	-1
7	No		0		-1	-1
8	No		0		-1	-1
9	No		0		-1	-1
10	No		0		-1	-1
11	No		0		-1	-1
12	No		0		-1	-1
13	No		0		-1	-1
14	No		0		-1	-1
15	No		0		-1	-1
16	No		0		-1	-1
17	No		0		-1	-1
18	No		0		-1	-1
19	No		0		-1	-1
20	No		0		-1	-1
21	No		0		-1	-1
22	No		0		-1	-1
23	No		0		-1	-1
24	No		0		-1	-1
25	No		0		-1	-1
26	No		0		-1	-1
27	No		0		-1	-1
28	No		0		-1	-1
29	No		0		-1	-1
30	No		0		-1	-1
31	No		0		-1	-1
32	No		0		-1	-1
33	No		0		-1	-1
34	No		0		-1	-1
35	No		0		-1	-1
36	No		0		-1	-1
37	No		0		-1	-1
38	No		0		-1	-1
39	No		0		-1	-1
40	No		0		-1	-1
41	No		0		-1	-1
42	No		0		-1	-1
43	No		0		-1	-1
44	No		0		-1	-1
45	No		0		-1	-1
46	No		0		-1	-1
47	No		0		-1	-1
48	No		0		-1	-1
49	No		0		-1	-1
50	No		0		-1	-1
51	No		0		-1	-1
52	No		0		-1	-1
53	No		0		-1	-1
54	No		0		-1	-1
55	No		0		-1	-1
56	No		0		-1	-1
57	No		0		-1	-1
58	No		0		-1	-1
59	No		0		-1	-1
60	No		0		-1	-1
61	No		0		-1	-1
62	No		0		-1	-1
63	No		0		-1	-1

Page Tables:
P0 page table: [ -1 -1 -1 -1 -1 -1 -1 -1 -1 -1 -1 -1 -1 -1 -1 -1 ]
P1 page table: [ -1 -1 -1 -1 -1 -1 -1 -1 -1 -1 -1 -1 -1 -1 -1 -1 ]

Blocked Queue:
None


Current memory layout at time 8:500000000 is:
Frame	Occupied	DirtyBit	Process	Page
0	No		0		-1	-1
1	No		0		-1	-1
2	No		0		-1	-1
3	No		0		-1	-1
4	No		0		-1	-1
5	No		0		-1	-1
6	No		0		-1	-1
7	No		0		-1	-1
8	No		0		-1	-1
9	No		0		-1	-1
10	No		0		-1	-1
11	No		0		-1	-1
12	No		0		-1	-1
13	No		0		-1	-1
14	No		0		-1	-1
15	No		0		-1	-1
16	No		0		-1	-1
17	No		0		-1	-1
18	No		0		-1	-1
19	No		0		-1	-1
20	No		0		-1	-1
21	No		0		-1	-1
22	No		0		-1	-1
23	No		0		-1	-1
24	No		0		-1	-1
25	No		0		-1	-1
26	No		0		-1	-1
27	No		0		-1	-1
28	No		0		-1	-1
29	No		0		-1	-1
30	No		0		-1	-1
31	No		0		-1	-1
32	No		0		-1	-1
33	No		0		-1	-1
34	No		0		-1	-1
35	No		0		-1	-1
36	No		0		-1	-1
37	No		0		-1	-1
38	No		0		-1	-1
39	No		0		-1	-1
40	No		0		-1	-1
41	No		0		-1	-1
42	No		0		-1	-1
43	No		0		-1	-1
44	No		0		-1	-1
45	No		0		-1	-1
46	No		0		-1	-1
47	No		0		-1	-1
48	No		0		-1	-1
49	No		0		-1	-1
50	No		0		-1	-1
51	No		0		-1	-1
52	No		0		-1	-1
53	No		0		-1	-1
54	No		0		-1	-1
55	No		0		-1	-1
56	No		0		-1	-1
57	No		0		-1	-1
58	No		0		-1	-1
59	No		0		-1	-1
60	No		0		-1	-1
61	No		0		-1	-1
62	No		0		-1	-1
63	No		0		-1	-1

Page Tables:
P0 page table: [ -1 -1 -1 -1 -1 -1 -1 -1 -1 -1 -1 -1 -1 -1 -1 -1 ]
P1 page table: [ -1 -1 -1 -1 -1 -1 -1 -1 -1 -1 -1 -1 -1 -1 -1 -1 ]

Blocked Queue:
None


Current memory layout at time 9:0 is:
Frame	Occupied	DirtyBit	Process	Page
0	No		0		-1	-1
1	No		0		-1	-1
2	No		0		-1	-1
3	No		0		-1	-1
4	No		0		-1	-1
5	No		0		-1	-1
6	No		0		-1	-1
7	No		0		-1	-1
8	No		0		-1	-1
9	No		0		-1	-1
10	No		0		-1	-1
11	No		0		-1	-1
12	No		0		-1	-1
13	No		0		-1	-1
14	No		0		-1	-1
15	No		0		-1	-1
16	No		0		-1	-1
17	No		0		-1	-1
18	No		0		-1	-1
19	No		0		-1	-1
20	No		0		-1	-1
21	No		0		-1	-1
22	No		0		-1	-1
23	No		0		-1	-1
24	No		0		-1	-1
25	No		0		-1	-1
26	No		0		-1	-1
27	No		0		-1	-1
28	No		0		-1	-1
29	No		0		-1	-1
30	No		0		-1	-1
31	No		0		-1	-1
32	No		0		-1	-1
33	No		0		-1	-1
34	No		0		-1	-1
35	No		0		-1	-1
36	No		0		-1	-1
37	No		0		-1	-1
38	No		0		-1	-1
39	No		0		-1	-1
40	No		0		-1	-1
41	No		0		-1	-1
42	No		0		-1	-1
43	No		0		-1	-1
44	No		0		-1	-1
45	No		0		-1	-1
46	No		0		-1	-1
47	No		0		-1	-1
48	No		0		-1	-1
49	No		0		-1	-1
50	No		0		-1	-1
51	No		0		-1	-1
52	No		0		-1	-1
53	No		0		-1	-1
54	No		0		-1	-1
55	No		0		-1	-1
56	No		0		-1	-1
57	No		0		-1	-1
58	No		0		-1	-1
59	No		0		-1	-1
60	No		0		-1	-1
61	No		0		-1	-1
62	No		0		-1	-1
63	No		0		-1	-1

Page Tables:
P0 page table: [ -1 -1 -1 -1 -1 -1 -1 -1 -1 -1 -1 -1 -1 -1 -1 -1 ]
P1 page table: [ -1 -1 -1 -1 -1 -1 -1 -1 -1 -1 -1 -1 -1 -1 -1 -1 ]

Blocked Queue:
None


Current memory layout at time 9:500000000 is:
Frame	Occupied	DirtyBit	Process	Page
0	No		0		-1	-1
1	No		0		-1	-1
2	No		0		-1	-1
3	No		0		-1	-1
4	No		0		-1	-1
5	No		0		-1	-1
6	No		0		-1	-1
7	No		0		-1	-1
8	No		0		-1	-1
9	No		0		-1	-1
10	No		0		-1	-1
11	No		0		-1	-1
12	No		0		-1	-1
13	No		0		-1	-1
14	No		0		-1	-1
15	No		0		-1	-1
16	No		0		-1	-1
17	No		0		-1	-1
18	No		0		-1	-1
19	No		0		-1	-1
20	No		0		-1	-1
21	No		0		-1	-1
22	No		0		-1	-1
23	No		0		-1	-1
24	No		0		-1	-1
25	No		0		-1	-1
26	No		0		-1	-1
27	No		0		-1	-1
28	No		0		-1	-1
29	No		0		-1	-1
30	No		0		-1	-1
31	No		0		-1	-1
32	No		0		-1	-1
33	No		0		-1	-1
34	No		0		-1	-1
35	No		0		-1	-1
36	No		0		-1	-1
37	No		0		-1	-1
38	No		0		-1	-1
39	No		0		-1	-1
40	No		0		-1	-1
41	No		0		-1	-1
42	No		0		-1	-1
43	No		0		-1	-1
44	No		0		-1	-1
45	No		0		-1	-1
46	No		0		-1	-1
47	No		0		-1	-1
48	No		0		-1	-1
49	No		0		-1	-1
50	No		0		-1	-1
51	No		0		-1	-1
52	No		0		-1	-1
53	No		0		-1	-1
54	No		0		-1	-1
55	No		0		-1	-1
56	No		0		-1	-1
57	No		0		-1	-1
58	No		0		-1	-1
59	No		0		-1	-1
60	No		0		-1	-1
61	No		0		-1	-1
62	No		0		-1	-1
63	No		0		-1	-1

Page Tables:
P0 page table: [ -1 -1 -1 -1 -1 -1 -1 -1 -1 -1 -1 -1 -1 -1 -1 -1 ]
P1 page table: [ -1 -1 -1 -1 -1 -1 -1 -1 -1 -1 -1 -1 -1 -1 -1 -1 ]

Blocked Queue:
None


Current memory layout at time 10:0 is:
Frame	Occupied	DirtyBit	Process	Page
0	No		0		-1	-1
1	No		0		-1	-1
2	No		0		-1	-1
3	No		0		-1	-1
4	No		0		-1	-1
5	No		0		-1	-1
6	No		0		-1	-1
7	No		0		-1	-1
8	No		0		-1	-1
9	No		0		-1	-1
10	No		0		-1	-1
11	No		0		-1	-1
12	No		0		-1	-1
13	No		0		-1	-1
14	No		0		-1	-1
15	No		0		-1	-1
16	No		0		-1	-1
17	No		0		-1	-1
18	No		0		-1	-1
19	No		0		-1	-1
20	No		0		-1	-1
21	No		0		-1	-1
22	No		0		-1	-1
23	No		0		-1	-1
24	No		0		-1	-1
25	No		0		-1	-1
26	No		0		-1	-1
27	No		0		-1	-1
28	No		0		-1	-1
29	No		0		-1	-1
30	No		0		-1	-1
31	No		0		-1	-1
32	No		0		-1	-1
33	No		0		-1	-1
34	No		0		-1	-1
35	No		0		-1	-1
36	No		0		-1	-1
37	No		0		-1	-1
38	No		0		-1	-1
39	No		0		-1	-1
40	No		0		-1	-1
41	No		0		-1	-1
42	No		0		-1	-1
43	No		0		-1	-1
44	No		0		-1	-1
45	No		0		-1	-1
46	No		0		-1	-1
47	No		0		-1	-1
48	No		0		-1	-1
49	No		0		-1	-1
50	No		0		-1	-1
51	No		0		-1	-1
52	No		0		-1	-1
53	No		0		-1	-1
54	No		0		-1	-1
55	No		0		-1	-1
56	No		0		-1	-1
57	No		0		-1	-1
58	No		0		-1	-1
59	No		0		-1	-1
60	No		0		-1	-1
61	No		0		-1	-1
62	No		0		-1	-1
63	No		0		-1	-1

Page Tables:
P0 page table: [ -1 -1 -1 -1 -1 -1 -1 -1 -1 -1 -1 -1 -1 -1 -1 -1 ]
P1 page table: [ -1 -1 -1 -1 -1 -1 -1 -1 -1 -1 -1 -1 -1 -1 -1 -1 ]

Blocked Queue:
None


Current memory layout at time 10:500000000 is:
Frame	Occupied	DirtyBit	Process	Page
0	No		0		-1	-1
1	No		0		-1	-1
2	No		0		-1	-1
3	No		0		-1	-1
4	No		0		-1	-1
5	No		0		-1	-1
6	No		0		-1	-1
7	No		0		-1	-1
8	No		0		-1	-1
9	No		0		-1	-1
10	No		0		-1	-1
11	No		0		-1	-1
12	No		0		-1	-1
13	No		0		-1	-1
14	No		0		-1	-1
15	No		0		-1	-1
16	No		0		-1	-1
17	No		0		-1	-1
18	No		0		-1	-1
19	No		0		-1	-1
20	No		0		-1	-1
21	No		0		-1	-1
22	No		0		-1	-1
23	No		0		-1	-1
24	No		0		-1	-1
25	No		0		-1	-1
26	No		0		-1	-1
27	No		0		-1	-1
28	No		0		-1	-1
29	No		0		-1	-1
30	No		0		-1	-1
31	No		0		-1	-1
32	No		0		-1	-1
33	No		0		-1	-1
34	No		0		-1	-1
35	No		0		-1	-1
36	No		0		-1	-1
37	No		0		-1	-1
38	No		0		-1	-1
39	No		0		-1	-1
40	No		0		-1	-1
41	No		0		-1	-1
42	No		0		-1	-1
43	No		0		-1	-1
44	No		0		-1	-1
45	No		0		-1	-1
46	No		0		-1	-1
47	No		0		-1	-1
48	No		0		-1	-1
49	No		0		-1	-1
50	No		0		-1	-1
51	No		0		-1	-1
52	No		0		-1	-1
53	No		0		-1	-1
54	No		0		-1	-1
55	No		0		-1	-1
56	No		0		-1	-1
57	No		0		-1	-1
58	No		0		-1	-1
59	No		0		-1	-1
60	No		0		-1	-1
61	No		0		-1	-1
62	No		0		-1	-1
63	No		0		-1	-1

Page Tables:
P0 page table: [ -1 -1 -1 -1 -1 -1 -1 -1 -1 -1 -1 -1 -1 -1 -1 -1 ]
P1 page table: [ -1 -1 -1 -1 -1 -1 -1 -1 -1 -1 -1 -1 -1 -1 -1 -1 ]

Blocked Queue:
None


Current memory layout at time 11:0 is:
Frame	Occupied	DirtyBit	Process	Page
0	No		0		-1	-1
1	No		0		-1	-1
2	No		0		-1	-1
3	No		0		-1	-1
4	No		0		-1	-1
5	No		0		-1	-1
6	No		0		-1	-1
7	No		0		-1	-1
8	No		0		-1	-1
9	No		0		-1	-1
10	No		0		-1	-1
11	No		0		-1	-1
12	No		0		-1	-1
13	No		0		-1	-1
14	No		0		-1	-1
15	No		0		-1	-1
16	No		0		-1	-1
17	No		0		-1	-1
18	No		0		-1	-1
19	No		0		-1	-1
20	No		0		-1	-1
21	No		0		-1	-1
22	No		0		-1	-1
23	No		0		-1	-1
24	No		0		-1	-1
25	No		0		-1	-1
26	No		0		-1	-1
27	No		0		-1	-1
28	No		0		-1	-1
29	No		0		-1	-1
30	No		0		-1	-1
31	No		0		-1	-1
32	No		0		-1	-1
33	No		0		-1	-1
34	No		0		-1	-1
35	No		0		-1	-1
36	No		0		-1	-1
37	No		0		-1	-1
38	No		0		-1	-1
39	No		0		-1	-1
40	No		0		-1	-1
41	No		0		-1	-1
42	No		0		-1	-1
43	No		0		-1	-1
44	No		0		-1	-1
45	No		0		-1	-1
46	No		0		-1	-1
47	No		0		-1	-1
48	No		0		-1	-1
49	No		0		-1	-1
50	No		0		-1	-1
51	No		0		-1	-1
52	No		0		-1	-1
53	No		0		-1	-1
54	No		0		-1	-1
55	No		0		-1	-1
56	No		0		-1	-1
57	No		0		-1	-1
58	No		0		-1	-1
59	No		0		-1	-1
60	No		0		-1	-1
61	No		0		-1	-1
62	No		0		-1	-1
63	No		0		-1	-1

Page Tables:
P0 page table: [ -1 -1 -1 -1 -1 -1 -1 -1 -1 -1 -1 -1 -1 -1 -1 -1 ]
P1 page table: [ -1 -1 -1 -1 -1 -1 -1 -1 -1 -1 -1 -1 -1 -1 -1 -1 ]

Blocked Queue:
None


Current memory layout at time 11:500000000 is:
Frame	Occupied	DirtyBit	Process	Page
0	No		0		-1	-1
1	No		0		-1	-1
2	No		0		-1	-1
3	No		0		-1	-1
4	No		0		-1	-1
5	No		0		-1	-1
6	No		0		-1	-1
7	No		0		-1	-1
8	No		0		-1	-1
9	No		0		-1	-1
10	No		0		-1	-1
11	No		0		-1	-1
12	No		0		-1	-1
13	No		0		-1	-1
14	No		0		-1	-1
15	No		0		-1	-1
16	No		0		-1	-1
17	No		0		-1	-1
18	No		0		-1	-1
19	No		0		-1	-1
20	No		0		-1	-1
21	No		0		-1	-1
22	No		0		-1	-1
23	No		0		-1	-1
24	No		0		-1	-1
25	No		0		-1	-1
26	No		0		-1	-1
27	No		0		-1	-1
28	No		0		-1	-1
29	No		0		-1	-1
30	No		0		-1	-1
31	No		0		-1	-1
32	No		0		-1	-1
33	No		0		-1	-1
34	No		0		-1	-1
35	No		0		-1	-1
36	No		0		-1	-1
37	No		0		-1	-1
38	No		0		-1	-1
39	No		0		-1	-1
40	No		0		-1	-1
41	No		0		-1	-1
42	No		0		-1	-1
43	No		0		-1	-1
44	No		0		-1	-1
45	No		0		-1	-1
46	No		0		-1	-1
47	No		0		-1	-1
48	No		0		-1	-1
49	No		0		-1	-1
50	No		0		-1	-1
51	No		0		-1	-1
52	No		0		-1	-1
53	No		0		-1	-1
54	No		0		-1	-1
55	No		0		-1	-1
56	No		0		-1	-1
57	No		0		-1	-1
58	No		0		-1	-1
59	No		0		-1	-1
60	No		0		-1	-1
61	No		0		-1	-1
62	No		0		-1	-1
63	No		0		-1	-1

Page Tables:
P0 page table: [ -1 -1 -1 -1 -1 -1 -1 -1 -1 -1 -1 -1 -1 -1 -1 -1 ]
P1 page table: [ -1 -1 -1 -1 -1 -1 -1 -1 -1 -1 -1 -1 -1 -1 -1 -1 ]

Blocked Queue:
None


Current memory layout at time 12:0 is:
Frame	Occupied	DirtyBit	Process	Page
0	No		0		-1	-1
1	No		0		-1	-1
2	No		0		-1	-1
3	No		0		-1	-1
4	No		0		-1	-1
5	No		0		-1	-1
6	No		0		-1	-1
7	No		0		-1	-1
8	No		0		-1	-1
9	No		0		-1	-1
10	No		0		-1	-1
11	No		0		-1	-1
12	No		0		-1	-1
13	No		0		-1	-1
14	No		0		-1	-1
15	No		0		-1	-1
16	No		0		-1	-1
17	No		0		-1	-1
18	No		0		-1	-1
19	No		0		-1	-1
20	No		0		-1	-1
21	No		0		-1	-1
22	No		0		-1	-1
23	No		0		-1	-1
24	No		0		-1	-1
25	No		0		-1	-1
26	No		0		-1	-1
27	No		0		-1	-1
28	No		0		-1	-1
29	No		0		-1	-1
30	No		0		-1	-1
31	No		0		-1	-1
32	No		0		-1	-1
33	No		0		-1	-1
34	No		0		-1	-1
35	No		0		-1	-1
36	No		0		-1	-1
37	No		0		-1	-1
38	No		0		-1	-1
39	No		0		-1	-1
40	No		0		-1	-1
41	No		0		-1	-1
42	No		0		-1	-1
43	No		0		-1	-1
44	No		0		-1	-1
45	No		0		-1	-1
46	No		0		-1	-1
47	No		0		-1	-1
48	No		0		-1	-1
49	No		0		-1	-1
50	No		0		-1	-1
51	No		0		-1	-1
52	No		0		-1	-1
53	No		0		-1	-1
54	No		0		-1	-1
55	No		0		-1	-1
56	No		0		-1	-1
57	No		0		-1	-1
58	No		0		-1	-1
59	No		0		-1	-1
60	No		0		-1	-1
61	No		0		-1	-1
62	No		0		-1	-1
63	No		0		-1	-1

Page Tables:
P0 page table: [ -1 -1 -1 -1 -1 -1 -1 -1 -1 -1 -1 -1 -1 -1 -1 -1 ]
P1 page table: [ -1 -1 -1 -1 -1 -1 -1 -1 -1 -1 -1 -1 -1 -1 -1 -1 ]

Blocked Queue:
None


Current memory layout at time 12:500000000 is:
Frame	Occupied	DirtyBit	Process	Page
0	No		0		-1	-1
1	No		0		-1	-1
2	No		0		-1	-1
3	No		0		-1	-1
4	No		0		-1	-1
5	No		0		-1	-1
6	No		0		-1	-1
7	No		0		-1	-1
8	No		0		-1	-1
9	No		0		-1	-1
10	No		0		-1	-1
11	No		0		-1	-1
12	No		0		-1	-1
13	No		0		-1	-1
14	No		0		-1	-1
15	No		0		-1	-1
16	No		0		-1	-1
17	No		0		-1	-1
18	No		0		-1	-1
19	No		0		-1	-1
20	No		0		-1	-1
21	No		0		-1	-1
22	No		0		-1	-1
23	No		0		-1	-1
24	No		0		-1	-1
25	No		0		-1	-1
26	No		0		-1	-1
27	No		0		-1	-1
28	No		0		-1	-1
29	No		0		-1	-1
30	No		0		-1	-1
31	No		0		-1	-1
32	No		0		-1	-1
33	No		0		-1	-1
34	No		0		-1	-1
35	No		0		-1	-1
36	No		0		-1	-1
37	No		0		-1	-1
38	No		0		-1	-1
39	No		0		-1	-1
40	No		0		-1	-1
41	No		0		-1	-1
42	No		0		-1	-1
43	No		0		-1	-1
44	No		0		-1	-1
45	No		0		-1	-1
46	No		0		-1	-1
47	No		0		-1	-1
48	No		0		-1	-1
49	No		0		-1	-1
50	No		0		-1	-1
51	No		0		-1	-1
52	No		0		-1	-1
53	No		0		-1	-1
54	No		0		-1	-1
55	No		0		-1	-1
56	No		0		-1	-1
57	No		0		-1	-1
58	No		0		-1	-1
59	No		0		-1	-1
60	No		0		-1	-1
61	No		0		-1	-1
62	No		0		-1	-1
63	No		0		-1	-1

Page Tables:
P0 page table: [ -1 -1 -1 -1 -1 -1 -1 -1 -1 -1 -1 -1 -1 -1 -1 -1 ]
P1 page table: [ -1 -1 -1 -1 -1 -1 -1 -1 -1 -1 -1 -1 -1 -1 -1 -1 ]

Blocked Queue:
None


Current memory layout at time 13:0 is:
Frame	Occupied	DirtyBit	Process	Page
0	No		0		-1	-1
1	No		0		-1	-1
2	No		0		-1	-1
3	No		0		-1	-1
4	No		0		-1	-1
5	No		0		-1	-1
6	No		0		-1	-1
7	No		0		-1	-1
8	No		0		-1	-1
9	No		0		-1	-1
10	No		0		-1	-1
11	No		0		-1	-1
12	No		0		-1	-1
13	No		0		-1	-1
14	No		0		-1	-1
15	No		0		-1	-1
16	No		0		-1	-1
17	No		0		-1	-1
18	No		0		-1	-1
19	No		0		-1	-1
20	No		0		-1	-1
21	No		0		-1	-1
22	No		0		-1	-1
23	No		0		-1	-1
24	No		0		-1	-1
25	No		0		-1	-1
26	No		0		-1	-1
27	No		0		-1	-1
28	No		0		-1	-1
29	No		0		-1	-1
30	No		0		-1	-1
31	No		0		-1	-1
32	No		0		-1	-1
33	No		0		-1	-1
34	No		0		-1	-1
35	No		0		-1	-1
36	No		0		-1	-1
37	No		0		-1	-1
38	No		0		-1	-1
39	No		0		-1	-1
40	No		0		-1	-1
41	No		0		-1	-1
42	No		0		-1	-1
43	No		0		-1	-1
44	No		0		-1	-1
45	No		0		-1	-1
46	No		0		-1	-1
47	No		0		-1	-1
48	No		0		-1	-1
49	No		0		-1	-1
50	No		0		-1	-1
51	No		0		-1	-1
52	No		0		-1	-1
53	No		0		-1	-1
54	No		0		-1	-1
55	No		0		-1	-1
56	No		0		-1	-1
57	No		0		-1	-1
58	No		0		-1	-1
59	No		0		-1	-1
60	No		0		-1	-1
61	No		0		-1	-1
62	No		0		-1	-1
63	No		0		-1	-1

Page Tables:
P0 page table: [ -1 -1 -1 -1 -1 -1 -1 -1 -1 -1 -1 -1 -1 -1 -1 -1 ]
P1 page table: [ -1 -1 -1 -1 -1 -1 -1 -1 -1 -1 -1 -1 -1 -1 -1 -1 ]

Blocked Queue:
None


Current memory layout at time 13:500000000 is:
Frame	Occupied	DirtyBit	Process	Page
0	No		0		-1	-1
1	No		0		-1	-1
2	No		0		-1	-1
3	No		0		-1	-1
4	No		0		-1	-1
5	No		0		-1	-1
6	No		0		-1	-1
7	No		0		-1	-1
8	No		0		-1	-1
9	No		0		-1	-1
10	No		0		-1	-1
11	No		0		-1	-1
12	No		0		-1	-1
13	No		0		-1	-1
14	No		0		-1	-1
15	No		0		-1	-1
16	No		0		-1	-1
17	No		0		-1	-1
18	No		0		-1	-1
19	No		0		-1	-1
20	No		0		-1	-1
21	No		0		-1	-1
22	No		0		-1	-1
23	No		0		-1	-1
24	No		0		-1	-1
25	No		0		-1	-1
26	No		0		-1	-1
27	No		0		-1	-1
28	No		0		-1	-1
29	No		0		-1	-1
30	No		0		-1	-1
31	No		0		-1	-1
32	No		0		-1	-1
33	No		0		-1	-1
34	No		0		-1	-1
35	No		0		-1	-1
36	No		0		-1	-1
37	No		0		-1	-1
38	No		0		-1	-1
39	No		0		-1	-1
40	No		0		-1	-1
41	No		0		-1	-1
42	No		0		-1	-1
43	No		0		-1	-1
44	No		0		-1	-1
45	No		0		-1	-1
46	No		0		-1	-1
47	No		0		-1	-1
48	No		0		-1	-1
49	No		0		-1	-1
50	No		0		-1	-1
51	No		0		-1	-1
52	No		0		-1	-1
53	No		0		-1	-1
54	No		0		-1	-1
55	No		0		-1	-1
56	No		0		-1	-1
57	No		0		-1	-1
58	No		0		-1	-1
59	No		0		-1	-1
60	No		0		-1	-1
61	No		0		-1	-1
62	No		0		-1	-1
63	No		0		-1	-1

Page Tables:
P0 page table: [ -1 -1 -1 -1 -1 -1 -1 -1 -1 -1 -1 -1 -1 -1 -1 -1 ]
P1 page table: [ -1 -1 -1 -1 -1 -1 -1 -1 -1 -1 -1 -1 -1 -1 -1 -1 ]

Blocked Queue:
None


Current memory layout at time 14:0 is:
Frame	Occupied	DirtyBit	Process	Page
0	No		0		-1	-1
1	No		0		-1	-1
2	No		0		-1	-1
3	No		0		-1	-1
4	No		0		-1	-1
5	No		0		-1	-1
6	No		0		-1	-1
7	No		0		-1	-1
8	No		0		-1	-1
9	No		0		-1	-1
10	No		0		-1	-1
11	No		0		-1	-1
12	No		0		-1	-1
13	No		0		-1	-1
14	No		0		-1	-1
15	No		0		-1	-1
16	No		0		-1	-1
17	No		0		-1	-1
18	No		0		-1	-1
19	No		0		-1	-1
20	No		0		-1	-1
21	No		0		-1	-1
22	No		0		-1	-1
23	No		0		-1	-1
24	No		0		-1	-1
25	No		0		-1	-1
26	No		0		-1	-1
27	No		0		-1	-1
28	No		0		-1	-1
29	No		0		-1	-1
30	No		0		-1	-1
31	No		0		-1	-1
32	No		0		-1	-1
33	No		0		-1	-1
34	No		0		-1	-1
35	No		0		-1	-1
36	No		0		-1	-1
37	No		0		-1	-1
38	No		0		-1	-1
39	No		0		-1	-1
40	No		0		-1	-1
41	No		0		-1	-1
42	No		0		-1	-1
43	No		0		-1	-1
44	No		0		-1	-1
45	No		0		-1	-1
46	No		0		-1	-1
47	No		0		-1	-1
48	No		0		-1	-1
49	No		0		-1	-1
50	No		0		-1	-1
51	No		0		-1	-1
52	No		0		-1	-1
53	No		0		-1	-1
54	No		0		-1	-1
55	No		0		-1	-1
56	No		0		-1	-1
57	No		0		-1	-1
58	No		0		-1	-1
59	No		0		-1	-1
60	No		0		-1	-1
61	No		0		-1	-1
62	No		0		-1	-1
63	No		0		-1	-1

Page Tables:
P0 page table: [ -1 -1 -1 -1 -1 -1 -1 -1 -1 -1 -1 -1 -1 -1 -1 -1 ]
P1 page table: [ -1 -1 -1 -1 -1 -1 -1 -1 -1 -1 -1 -1 -1 -1 -1 -1 ]

Blocked Queue:
None


Current memory layout at time 14:500000000 is:
Frame	Occupied	DirtyBit	Process	Page
0	No		0		-1	-1
1	No		0		-1	-1
2	No		0		-1	-1
3	No		0		-1	-1
4	No		0		-1	-1
5	No		0		-1	-1
6	No		0		-1	-1
7	No		0		-1	-1
8	No		0		-1	-1
9	No		0		-1	-1
10	No		0		-1	-1
11	No		0		-1	-1
12	No		0		-1	-1
13	No		0		-1	-1
14	No		0		-1	-1
15	No		0		-1	-1
16	No		0		-1	-1
17	No		0		-1	-1
18	No		0		-1	-1
19	No		0		-1	-1
20	No		0		-1	-1
21	No		0		-1	-1
22	No		0		-1	-1
23	No		0		-1	-1
24	No		0		-1	-1
25	No		0		-1	-1
26	No		0		-1	-1
27	No		0		-1	-1
28	No		0		-1	-1
29	No		0		-1	-1
30	No		0		-1	-1
31	No		0		-1	-1
32	No		0		-1	-1
33	No		0		-1	-1
34	No		0		-1	-1
35	No		0		-1	-1
36	No		0		-1	-1
37	No		0		-1	-1
38	No		0		-1	-1
39	No		0		-1	-1
40	No		0		-1	-1
41	No		0		-1	-1
42	No		0		-1	-1
43	No		0		-1	-1
44	No		0		-1	-1
45	No		0		-1	-1
46	No		0		-1	-1
47	No		0		-1	-1
48	No		0		-1	-1
49	No		0		-1	-1
50	No		0		-1	-1
51	No		0		-1	-1
52	No		0		-1	-1
53	No		0		-1	-1
54	No		0		-1	-1
55	No		0		-1	-1
56	No		0		-1	-1
57	No		0		-1	-1
58	No		0		-1	-1
59	No		0		-1	-1
60	No		0		-1	-1
61	No		0		-1	-1
62	No		0		-1	-1
63	No		0		-1	-1

Page Tables:
P0 page table: [ -1 -1 -1 -1 -1 -1 -1 -1 -1 -1 -1 -1 -1 -1 -1 -1 ]
P1 page table: [ -1 -1 -1 -1 -1 -1 -1 -1 -1 -1 -1 -1 -1 -1 -1 -1 ]

Blocked Queue:
None


Current memory layout at time 15:0 is:
Frame	Occupied	DirtyBit	Process	Page
0	No		0		-1	-1
1	No		0		-1	-1
2	No		0		-1	-1
3	No		0		-1	-1
4	No		0		-1	-1
5	No		0		-1	-1
6	No		0		-1	-1
7	No		0		-1	-1
8	No		0		-1	-1
9	No		0		-1	-1
10	No		0		-1	-1
11	No		0		-1	-1
12	No		0		-1	-1
13	No		0		-1	-1
14	No		0		-1	-1
15	No		0		-1	-1
16	No		0		-1	-1
17	No		0		-1	-1
18	No		0		-1	-1
19	No		0		-1	-1
20	No		0		-1	-1
21	No		0		-1	-1
22	No		0		-1	-1
23	No		0		-1	-1
24	No		0		-1	-1
25	No		0		-1	-1
26	No		0		-1	-1
27	No		0		-1	-1
28	No		0		-1	-1
29	No		0		-1	-1
30	No		0		-1	-1
31	No		0		-1	-1
32	No		0		-1	-1
33	No		0		-1	-1
34	No		0		-1	-1
35	No		0		-1	-1
36	No		0		-1	-1
37	No		0		-1	-1
38	No		0		-1	-1
39	No		0		-1	-1
40	No		0		-1	-1
41	No		0		-1	-1
42	No		0		-1	-1
43	No		0		-1	-1
44	No		0		-1	-1
45	No		0		-1	-1
46	No		0		-1	-1
47	No		0		-1	-1
48	No		0		-1	-1
49	No		0		-1	-1
50	No		0		-1	-1
51	No		0		-1	-1
52	No		0		-1	-1
53	No		0		-1	-1
54	No		0		-1	-1
55	No		0		-1	-1
56	No		0		-1	-1
57	No		0		-1	-1
58	No		0		-1	-1
59	No		0		-1	-1
60	No		0		-1	-1
61	No		0		-1	-1
62	No		0		-1	-1
63	No		0		-1	-1

Page Tables:
P0 page table: [ -1 -1 -1 -1 -1 -1 -1 -1 -1 -1 -1 -1 -1 -1 -1 -1 ]
P1 page table: [ -1 -1 -1 -1 -1 -1 -1 -1 -1 -1 -1 -1 -1 -1 -1 -1 ]

Blocked Queue:
None


Current memory layout at time 15:500000000 is:
Frame	Occupied	DirtyBit	Process	Page
0	No		0		-1	-1
1	No		0		-1	-1
2	No		0		-1	-1
3	No		0		-1	-1
4	No		0		-1	-1
5	No		0		-1	-1
6	No		0		-1	-1
7	No		0		-1	-1
8	No		0		-1	-1
9	No		0		-1	-1
10	No		0		-1	-1
11	No		0		-1	-1
12	No		0		-1	-1
13	No		0		-1	-1
14	No		0		-1	-1
15	No		0		-1	-1
16	No		0		-1	-1
17	No		0		-1	-1
18	No		0		-1	-1
19	No		0		-1	-1
20	No		0		-1	-1
21	No		0		-1	-1
22	No		0		-1	-1
23	No		0		-1	-1
24	No		0		-1	-1
25	No		0		-1	-1
26	No		0		-1	-1
27	No		0		-1	-1
28	No		0		-1	-1
29	No		0		-1	-1
30	No		0		-1	-1
31	No		0		-1	-1
32	No		0		-1	-1
33	No		0		-1	-1
34	No		0		-1	-1
35	No		0		-1	-1
36	No		0		-1	-1
37	No		0		-1	-1
38	No		0		-1	-1
39	No		0		-1	-1
40	No		0		-1	-1
41	No		0		-1	-1
42	No		0		-1	-1
43	No		0		-1	-1
44	No		0		-1	-1
45	No		0		-1	-1
46	No		0		-1	-1
47	No		0		-1	-1
48	No		0		-1	-1
49	No		0		-1	-1
50	No		0		-1	-1
51	No		0		-1	-1
52	No		0		-1	-1
53	No		0		-1	-1
54	No		0		-1	-1
55	No		0		-1	-1
56	No		0		-1	-1
57	No		0		-1	-1
58	No		0		-1	-1
59	No		0		-1	-1
60	No		0		-1	-1
61	No		0		-1	-1
62	No		0		-1	-1
63	No		0		-1	-1

Page Tables:
P0 page table: [ -1 -1 -1 -1 -1 -1 -1 -1 -1 -1 -1 -1 -1 -1 -1 -1 ]
P1 page table: [ -1 -1 -1 -1 -1 -1 -1 -1 -1 -1 -1 -1 -1 -1 -1 -1 ]

Blocked Queue:
None


Current memory layout at time 16:0 is:
Frame	Occupied	DirtyBit	Process	Page
0	No		0		-1	-1
1	No		0		-1	-1
2	No		0		-1	-1
3	No		0		-1	-1
4	No		0		-1	-1
5	No		0		-1	-1
6	No		0		-1	-1
7	No		0		-1	-1
8	No		0		-1	-1
9	No		0		-1	-1
10	No		0		-1	-1
11	No		0		-1	-1
12	No		0		-1	-1
13	No		0		-1	-1
14	No		0		-1	-1
15	No		0		-1	-1
16	No		0		-1	-1
17	No		0		-1	-1
18	No		0		-1	-1
19	No		0		-1	-1
20	No		0		-1	-1
21	No		0		-1	-1
22	No		0		-1	-1
23	No		0		-1	-1
24	No		0		-1	-1
25	No		0		-1	-1
26	No		0		-1	-1
27	No		0		-1	-1
28	No		0		-1	-1
29	No		0		-1	-1
30	No		0		-1	-1
31	No		0		-1	-1
32	No		0		-1	-1
33	No		0		-1	-1
34	No		0		-1	-1
35	No		0		-1	-1
36	No		0		-1	-1
37	No		0		-1	-1
38	No		0		-1	-1
39	No		0		-1	-1
40	No		0		-1	-1
41	No		0		-1	-1
42	No		0		-1	-1
43	No		0		-1	-1
44	No		0		-1	-1
45	No		0		-1	-1
46	No		0		-1	-1
47	No		0		-1	-1
48	No		0		-1	-1
49	No		0		-1	-1
50	No		0		-1	-1
51	No		0		-1	-1
52	No		0		-1	-1
53	No		0		-1	-1
54	No		0		-1	-1
55	No		0		-1	-1
56	No		0		-1	-1
57	No		0		-1	-1
58	No		0		-1	-1
59	No		0		-1	-1
60	No		0		-1	-1
61	No		0		-1	-1
62	No		0		-1	-1
63	No		0		-1	-1

Page Tables:
P0 page table: [ -1 -1 -1 -1 -1 -1 -1 -1 -1 -1 -1 -1 -1 -1 -1 -1 ]
P1 page table: [ -1 -1 -1 -1 -1 -1 -1 -1 -1 -1 -1 -1 -1 -1 -1 -1 ]

Blocked Queue:
None


Current memory layout at time 16:500000000 is:
Frame	Occupied	DirtyBit	Process	Page
0	No		0		-1	-1
1	No		0		-1	-1
2	No		0		-1	-1
3	No		0		-1	-1
4	No		0		-1	-1
5	No		0		-1	-1
6	No		0		-1	-1
7	No		0		-1	-1
8	No		0		-1	-1
9	No		0		-1	-1
10	No		0		-1	-1
11	No		0		-1	-1
12	No		0		-1	-1
13	No		0		-1	-1
14	No		0		-1	-1
15	No		0		-1	-1
16	No		0		-1	-1
17	No		0		-1	-1
18	No		0		-1	-1
19	No		0		-1	-1
20	No		0		-1	-1
21	No		0		-1	-1
22	No		0		-1	-1
23	No		0		-1	-1
24	No		0		-1	-1
25	No		0		-1	-1
26	No		0		-1	-1
27	No		0		-1	-1
28	No		0		-1	-1
29	No		0		-1	-1
30	No		0		-1	-1
31	No		0		-1	-1
32	No		0		-1	-1
33	No		0		-1	-1
34	No		0		-1	-1
35	No		0		-1	-1
36	No		0		-1	-1
37	No		0		-1	-1
38	No		0		-1	-1
39	No		0		-1	-1
40	No		0		-1	-1
41	No		0		-1	-1
42	No		0		-1	-1
43	No		0		-1	-1
44	No		0		-1	-1
45	No		0		-1	-1
46	No		0		-1	-1
47	No		0		-1	-1
48	No		0		-1	-1
49	No		0		-1	-1
50	No		0		-1	-1
51	No		0		-1	-1
52	No		0		-1	-1
53	No		0		-1	-1
54	No		0		-1	-1
55	No		0		-1	-1
56	No		0		-1	-1
57	No		0		-1	-1
58	No		0		-1	-1
59	No		0		-1	-1
60	No		0		-1	-1
61	No		0		-1	-1
62	No		0		-1	-1
63	No		0		-1	-1

Page Tables:
P0 page table: [ -1 -1 -1 -1 -1 -1 -1 -1 -1 -1 -1 -1 -1 -1 -1 -1 ]
P1 page table: [ -1 -1 -1 -1 -1 -1 -1 -1 -1 -1 -1 -1 -1 -1 -1 -1 ]

Blocked Queue:
None


Current memory layout at time 17:0 is:
Frame	Occupied	DirtyBit	Process	Page
0	No		0		-1	-1
1	No		0		-1	-1
2	No		0		-1	-1
3	No		0		-1	-1
4	No		0		-1	-1
5	No		0		-1	-1
6	No		0		-1	-1
7	No		0		-1	-1
8	No		0		-1	-1
9	No		0		-1	-1
10	No		0		-1	-1
11	No		0		-1	-1
12	No		0		-1	-1
13	No		0		-1	-1
14	No		0		-1	-1
15	No		0		-1	-1
16	No		0		-1	-1
17	No		0		-1	-1
18	No		0		-1	-1
19	No		0		-1	-1
20	No		0		-1	-1
21	No		0		-1	-1
22	No		0		-1	-1
23	No		0		-1	-1
24	No		0		-1	-1
25	No		0		-1	-1
26	No		0		-1	-1
27	No		0		-1	-1
28	No		0		-1	-1
29	No		0		-1	-1
30	No		0		-1	-1
31	No		0		-1	-1
32	No		0		-1	-1
33	No		0		-1	-1
34	No		0		-1	-1
35	No		0		-1	-1
36	No		0		-1	-1
37	No		0		-1	-1
38	No		0		-1	-1
39	No		0		-1	-1
40	No		0		-1	-1
41	No		0		-1	-1
42	No		0		-1	-1
43	No		0		-1	-1
44	No		0		-1	-1
45	No		0		-1	-1
46	No		0		-1	-1
47	No		0		-1	-1
48	No		0		-1	-1
49	No		0		-1	-1
50	No		0		-1	-1
51	No		0		-1	-1
52	No		0		-1	-1
53	No		0		-1	-1
54	No		0		-1	-1
55	No		0		-1	-1
56	No		0		-1	-1
57	No		0		-1	-1
58	No		0		-1	-1
59	No		0		-1	-1
60	No		0		-1	-1
61	No		0		-1	-1
62	No		0		-1	-1
63	No		0		-1	-1

Page Tables:
P0 page table: [ -1 -1 -1 -1 -1 -1 -1 -1 -1 -1 -1 -1 -1 -1 -1 -1 ]
P1 page table: [ -1 -1 -1 -1 -1 -1 -1 -1 -1 -1 -1 -1 -1 -1 -1 -1 ]

Blocked Queue:
None


Current memory layout at time 17:500000000 is:
Frame	Occupied	DirtyBit	Process	Page
0	No		0		-1	-1
1	No		0		-1	-1
2	No		0		-1	-1
3	No		0		-1	-1
4	No		0		-1	-1
5	No		0		-1	-1
6	No		0		-1	-1
7	No		0		-1	-1
8	No		0		-1	-1
9	No		0		-1	-1
10	No		0		-1	-1
11	No		0		-1	-1
12	No		0		-1	-1
13	No		0		-1	-1
14	No		0		-1	-1
15	No		0		-1	-1
16	No		0		-1	-1
17	No		0		-1	-1
18	No		0		-1	-1
19	No		0		-1	-1
20	No		0		-1	-1
21	No		0		-1	-1
22	No		0		-1	-1
23	No		0		-1	-1
24	No		0		-1	-1
25	No		0		-1	-1
26	No		0		-1	-1
27	No		0		-1	-1
28	No		0		-1	-1
29	No		0		-1	-1
30	No		0		-1	-1
31	No		0		-1	-1
32	No		0		-1	-1
33	No		0		-1	-1
34	No		0		-1	-1
35	No		0		-1	-1
36	No		0		-1	-1
37	No		0		-1	-1
38	No		0		-1	-1
39	No		0		-1	-1
40	No		0		-1	-1
41	No		0		-1	-1
42	No		0		-1	-1
43	No		0		-1	-1
44	No		0		-1	-1
45	No		0		-1	-1
46	No		0		-1	-1
47	No		0		-1	-1
48	No		0		-1	-1
49	No		0		-1	-1
50	No		0		-1	-1
51	No		0		-1	-1
52	No		0		-1	-1
53	No		0		-1	-1
54	No		0		-1	-1
55	No		0		-1	-1
56	No		0		-1	-1
57	No		0		-1	-1
58	No		0		-1	-1
59	No		0		-1	-1
60	No		0		-1	-1
61	No		0		-1	-1
62	No		0		-1	-1
63	No		0		-1	-1

Page Tables:
P0 page table: [ -1 -1 -1 -1 -1 -1 -1 -1 -1 -1 -1 -1 -1 -1 -1 -1 ]
P1 page table: [ -1 -1 -1 -1 -1 -1 -1 -1 -1 -1 -1 -1 -1 -1 -1 -1 ]

Blocked Queue:
None


Current memory layout at time 18:0 is:
Frame	Occupied	DirtyBit	Process	Page
0	No		0		-1	-1
1	No		0		-1	-1
2	No		0		-1	-1
3	No		0		-1	-1
4	No		0		-1	-1
5	No		0		-1	-1
6	No		0		-1	-1
7	No		0		-1	-1
8	No		0		-1	-1
9	No		0		-1	-1
10	No		0		-1	-1
11	No		0		-1	-1
12	No		0		-1	-1
13	No		0		-1	-1
14	No		0		-1	-1
15	No		0		-1	-1
16	No		0		-1	-1
17	No		0		-1	-1
18	No		0		-1	-1
19	No		0		-1	-1
20	No		0		-1	-1
21	No		0		-1	-1
22	No		0		-1	-1
23	No		0		-1	-1
24	No		0		-1	-1
25	No		0		-1	-1
26	No		0		-1	-1
27	No		0		-1	-1
28	No		0		-1	-1
29	No		0		-1	-1
30	No		0		-1	-1
31	No		0		-1	-1
32	No		0		-1	-1
33	No		0		-1	-1
34	No		0		-1	-1
35	No		0		-1	-1
36	No		0		-1	-1
37	No		0		-1	-1
38	No		0		-1	-1
39	No		0		-1	-1
40	No		0		-1	-1
41	No		0		-1	-1
42	No		0		-1	-1
43	No		0		-1	-1
44	No		0		-1	-1
45	No		0		-1	-1
46	No		0		-1	-1
47	No		0		-1	-1
48	No		0		-1	-1
49	No		0		-1	-1
50	No		0		-1	-1
51	No		0		-1	-1
52	No		0		-1	-1
53	No		0		-1	-1
54	No		0		-1	-1
55	No		0		-1	-1
56	No		0		-1	-1
57	No		0		-1	-1
58	No		0		-1	-1
59	No		0		-1	-1
60	No		0		-1	-1
61	No		0		-1	-1
62	No		0		-1	-1
63	No		0		-1	-1

Page Tables:
P0 page table: [ -1 -1 -1 -1 -1 -1 -1 -1 -1 -1 -1 -1 -1 -1 -1 -1 ]
P1 page table: [ -1 -1 -1 -1 -1 -1 -1 -1 -1 -1 -1 -1 -1 -1 -1 -1 ]

Blocked Queue:
None


Current memory layout at time 18:500000000 is:
Frame	Occupied	DirtyBit	Process	Page
0	No		0		-1	-1
1	No		0		-1	-1
2	No		0		-1	-1
3	No		0		-1	-1
4	No		0		-1	-1
5	No		0		-1	-1
6	No		0		-1	-1
7	No		0		-1	-1
8	No		0		-1	-1
9	No		0		-1	-1
10	No		0		-1	-1
11	No		0		-1	-1
12	No		0		-1	-1
13	No		0		-1	-1
14	No		0		-1	-1
15	No		0		-1	-1
16	No		0		-1	-1
17	No		0		-1	-1
18	No		0		-1	-1
19	No		0		-1	-1
20	No		0		-1	-1
21	No		0		-1	-1
22	No		0		-1	-1
23	No		0		-1	-1
24	No		0		-1	-1
25	No		0		-1	-1
26	No		0		-1	-1
27	No		0		-1	-1
28	No		0		-1	-1
29	No		0		-1	-1
30	No		0		-1	-1
31	No		0		-1	-1
32	No		0		-1	-1
33	No		0		-1	-1
34	No		0		-1	-1
35	No		0		-1	-1
36	No		0		-1	-1
37	No		0		-1	-1
38	No		0		-1	-1
39	No		0		-1	-1
40	No		0		-1	-1
41	No		0		-1	-1
42	No		0		-1	-1
43	No		0		-1	-1
44	No		0		-1	-1
45	No		0		-1	-1
46	No		0		-1	-1
47	No		0		-1	-1
48	No		0		-1	-1
49	No		0		-1	-1
50	No		0		-1	-1
51	No		0		-1	-1
52	No		0		-1	-1
53	No		0		-1	-1
54	No		0		-1	-1
55	No		0		-1	-1
56	No		0		-1	-1
57	No		0		-1	-1
58	No		0		-1	-1
59	No		0		-1	-1
60	No		0		-1	-1
61	No		0		-1	-1
62	No		0		-1	-1
63	No		0		-1	-1

Page Tables:
P0 page table: [ -1 -1 -1 -1 -1 -1 -1 -1 -1 -1 -1 -1 -1 -1 -1 -1 ]
P1 page table: [ -1 -1 -1 -1 -1 -1 -1 -1 -1 -1 -1 -1 -1 -1 -1 -1 ]

Blocked Queue:
None


Current memory layout at time 19:0 is:
Frame	Occupied	DirtyBit	Process	Page
0	No		0		-1	-1
1	No		0		-1	-1
2	No		0		-1	-1
3	No		0		-1	-1
4	No		0		-1	-1
5	No		0		-1	-1
6	No		0		-1	-1
7	No		0		-1	-1
8	No		0		-1	-1
9	No		0		-1	-1
10	No		0		-1	-1
11	No		0		-1	-1
12	No		0		-1	-1
13	No		0		-1	-1
14	No		0		-1	-1
15	No		0		-1	-1
16	No		0		-1	-1
17	No		0		-1	-1
18	No		0		-1	-1
19	No		0		-1	-1
20	No		0		-1	-1
21	No		0		-1	-1
22	No		0		-1	-1
23	No		0		-1	-1
24	No		0		-1	-1
25	No		0		-1	-1
26	No		0		-1	-1
27	No		0		-1	-1
28	No		0		-1	-1
29	No		0		-1	-1
30	No		0		-1	-1
31	No		0		-1	-1
32	No		0		-1	-1
33	No		0		-1	-1
34	No		0		-1	-1
35	No		0		-1	-1
36	No		0		-1	-1
37	No		0		-1	-1
38	No		0		-1	-1
39	No		0		-1	-1
40	No		0		-1	-1
41	No		0		-1	-1
42	No		0		-1	-1
43	No		0		-1	-1
44	No		0		-1	-1
45	No		0		-1	-1
46	No		0		-1	-1
47	No		0		-1	-1
48	No		0		-1	-1
49	No		0		-1	-1
50	No		0		-1	-1
51	No		0		-1	-1
52	No		0		-1	-1
53	No		0		-1	-1
54	No		0		-1	-1
55	No		0		-1	-1
56	No		0		-1	-1
57	No		0		-1	-1
58	No		0		-1	-1
59	No		0		-1	-1
60	No		0		-1	-1
61	No		0		-1	-1
62	No		0		-1	-1
63	No		0		-1	-1

Page Tables:
P0 page table: [ -1 -1 -1 -1 -1 -1 -1 -1 -1 -1 -1 -1 -1 -1 -1 -1 ]
P1 page table: [ -1 -1 -1 -1 -1 -1 -1 -1 -1 -1 -1 -1 -1 -1 -1 -1 ]

Blocked Queue:
None


Current memory layout at time 19:500000000 is:
Frame	Occupied	DirtyBit	Process	Page
0	No		0		-1	-1
1	No		0		-1	-1
2	No		0		-1	-1
3	No		0		-1	-1
4	No		0		-1	-1
5	No		0		-1	-1
6	No		0		-1	-1
7	No		0		-1	-1
8	No		0		-1	-1
9	No		0		-1	-1
10	No		0		-1	-1
11	No		0		-1	-1
12	No		0		-1	-1
13	No		0		-1	-1
14	No		0		-1	-1
15	No		0		-1	-1
16	No		0		-1	-1
17	No		0		-1	-1
18	No		0		-1	-1
19	No		0		-1	-1
20	No		0		-1	-1
21	No		0		-1	-1
22	No		0		-1	-1
23	No		0		-1	-1
24	No		0		-1	-1
25	No		0		-1	-1
26	No		0		-1	-1
27	No		0		-1	-1
28	No		0		-1	-1
29	No		0		-1	-1
30	No		0		-1	-1
31	No		0		-1	-1
32	No		0		-1	-1
33	No		0		-1	-1
34	No		0		-1	-1
35	No		0		-1	-1
36	No		0		-1	-1
37	No		0		-1	-1
38	No		0		-1	-1
39	No		0		-1	-1
40	No		0		-1	-1
41	No		0		-1	-1
42	No		0		-1	-1
43	No		0		-1	-1
44	No		0		-1	-1
45	No		0		-1	-1
46	No		0		-1	-1
47	No		0		-1	-1
48	No		0		-1	-1
49	No		0		-1	-1
50	No		0		-1	-1
51	No		0		-1	-1
52	No		0		-1	-1
53	No		0		-1	-1
54	No		0		-1	-1
55	No		0		-1	-1
56	No		0		-1	-1
57	No		0		-1	-1
58	No		0		-1	-1
59	No		0		-1	-1
60	No		0		-1	-1
61	No		0		-1	-1
62	No		0		-1	-1
63	No		0		-1	-1

Page Tables:
P0 page table: [ -1 -1 -1 -1 -1 -1 -1 -1 -1 -1 -1 -1 -1 -1 -1 -1 ]
P1 page table: [ -1 -1 -1 -1 -1 -1 -1 -1 -1 -1 -1 -1 -1 -1 -1 -1 ]

Blocked Queue:
None


Current memory layout at time 20:0 is:
Frame	Occupied	DirtyBit	Process	Page
0	No		0		-1	-1
1	No		0		-1	-1
2	No		0		-1	-1
3	No		0		-1	-1
4	No		0		-1	-1
5	No		0		-1	-1
6	No		0		-1	-1
7	No		0		-1	-1
8	No		0		-1	-1
9	No		0		-1	-1
10	No		0		-1	-1
11	No		0		-1	-1
12	No		0		-1	-1
13	No		0		-1	-1
14	No		0		-1	-1
15	No		0		-1	-1
16	No		0		-1	-1
17	No		0		-1	-1
18	No		0		-1	-1
19	No		0		-1	-1
20	No		0		-1	-1
21	No		0		-1	-1
22	No		0		-1	-1
23	No		0		-1	-1
24	No		0		-1	-1
25	No		0		-1	-1
26	No		0		-1	-1
27	No		0		-1	-1
28	No		0		-1	-1
29	No		0		-1	-1
30	No		0		-1	-1
31	No		0		-1	-1
32	No		0		-1	-1
33	No		0		-1	-1
34	No		0		-1	-1
35	No		0		-1	-1
36	No		0		-1	-1
37	No		0		-1	-1
38	No		0		-1	-1
39	No		0		-1	-1
40	No		0		-1	-1
41	No		0		-1	-1
42	No		0		-1	-1
43	No		0		-1	-1
44	No		0		-1	-1
45	No		0		-1	-1
46	No		0		-1	-1
47	No		0		-1	-1
48	No		0		-1	-1
49	No		0		-1	-1
50	No		0		-1	-1
51	No		0		-1	-1
52	No		0		-1	-1
53	No		0		-1	-1
54	No		0		-1	-1
55	No		0		-1	-1
56	No		0		-1	-1
57	No		0		-1	-1
58	No		0		-1	-1
59	No		0		-1	-1
60	No		0		-1	-1
61	No		0		-1	-1
62	No		0		-1	-1
63	No		0		-1	-1

Page Tables:
P0 page table: [ -1 -1 -1 -1 -1 -1 -1 -1 -1 -1 -1 -1 -1 -1 -1 -1 ]
P1 page table: [ -1 -1 -1 -1 -1 -1 -1 -1 -1 -1 -1 -1 -1 -1 -1 -1 ]

Blocked Queue:
None


Current memory layout at time 20:500000000 is:
Frame	Occupied	DirtyBit	Process	Page
0	No		0		-1	-1
1	No		0		-1	-1
2	No		0		-1	-1
3	No		0		-1	-1
4	No		0		-1	-1
5	No		0		-1	-1
6	No		0		-1	-1
7	No		0		-1	-1
8	No		0		-1	-1
9	No		0		-1	-1
10	No		0		-1	-1
11	No		0		-1	-1
12	No		0		-1	-1
13	No		0		-1	-1
14	No		0		-1	-1
15	No		0		-1	-1
16	No		0		-1	-1
17	No		0		-1	-1
18	No		0		-1	-1
19	No		0		-1	-1
20	No		0		-1	-1
21	No		0		-1	-1
22	No		0		-1	-1
23	No		0		-1	-1
24	No		0		-1	-1
25	No		0		-1	-1
26	No		0		-1	-1
27	No		0		-1	-1
28	No		0		-1	-1
29	No		0		-1	-1
30	No		0		-1	-1
31	No		0		-1	-1
32	No		0		-1	-1
33	No		0		-1	-1
34	No		0		-1	-1
35	No		0		-1	-1
36	No		0		-1	-1
37	No		0		-1	-1
38	No		0		-1	-1
39	No		0		-1	-1
40	No		0		-1	-1
41	No		0		-1	-1
42	No		0		-1	-1
43	No		0		-1	-1
44	No		0		-1	-1
45	No		0		-1	-1
46	No		0		-1	-1
47	No		0		-1	-1
48	No		0		-1	-1
49	No		0		-1	-1
50	No		0		-1	-1
51	No		0		-1	-1
52	No		0		-1	-1
53	No		0		-1	-1
54	No		0		-1	-1
55	No		0		-1	-1
56	No		0		-1	-1
57	No		0		-1	-1
58	No		0		-1	-1
59	No		0		-1	-1
60	No		0		-1	-1
61	No		0		-1	-1
62	No		0		-1	-1
63	No		0		-1	-1

Page Tables:
P0 page table: [ -1 -1 -1 -1 -1 -1 -1 -1 -1 -1 -1 -1 -1 -1 -1 -1 ]
P1 page table: [ -1 -1 -1 -1 -1 -1 -1 -1 -1 -1 -1 -1 -1 -1 -1 -1 ]

Blocked Queue:
None


Current memory layout at time 21:0 is:
Frame	Occupied	DirtyBit	Process	Page
0	No		0		-1	-1
1	No		0		-1	-1
2	No		0		-1	-1
3	No		0		-1	-1
4	No		0		-1	-1
5	No		0		-1	-1
6	No		0		-1	-1
7	No		0		-1	-1
8	No		0		-1	-1
9	No		0		-1	-1
10	No		0		-1	-1
11	No		0		-1	-1
12	No		0		-1	-1
13	No		0		-1	-1
14	No		0		-1	-1
15	No		0		-1	-1
16	No		0		-1	-1
17	No		0		-1	-1
18	No		0		-1	-1
19	No		0		-1	-1
20	No		0		-1	-1
21	No		0		-1	-1
22	No		0		-1	-1
23	No		0		-1	-1
24	No		0		-1	-1
25	No		0		-1	-1
26	No		0		-1	-1
27	No		0		-1	-1
28	No		0		-1	-1
29	No		0		-1	-1
30	No		0		-1	-1
31	No		0		-1	-1
32	No		0		-1	-1
33	No		0		-1	-1
34	No		0		-1	-1
35	No		0		-1	-1
36	No		0		-1	-1
37	No		0		-1	-1
38	No		0		-1	-1
39	No		0		-1	-1
40	No		0		-1	-1
41	No		0		-1	-1
42	No		0		-1	-1
43	No		0		-1	-1
44	No		0		-1	-1
45	No		0		-1	-1
46	No		0		-1	-1
47	No		0		-1	-1
48	No		0		-1	-1
49	No		0		-1	-1
50	No		0		-1	-1
51	No		0		-1	-1
52	No		0		-1	-1
53	No		0		-1	-1
54	No		0		-1	-1
55	No		0		-1	-1
56	No		0		-1	-1
57	No		0		-1	-1
58	No		0		-1	-1
59	No		0		-1	-1
60	No		0		-1	-1
61	No		0		-1	-1
62	No		0		-1	-1
63	No		0		-1	-1

Page Tables:
P0 page table: [ -1 -1 -1 -1 -1 -1 -1 -1 -1 -1 -1 -1 -1 -1 -1 -1 ]
P1 page table: [ -1 -1 -1 -1 -1 -1 -1 -1 -1 -1 -1 -1 -1 -1 -1 -1 ]

Blocked Queue:
None


Current memory layout at time 21:500000000 is:
Frame	Occupied	DirtyBit	Process	Page
0	No		0		-1	-1
1	No		0		-1	-1
2	No		0		-1	-1
3	No		0		-1	-1
4	No		0		-1	-1
5	No		0		-1	-1
6	No		0		-1	-1
7	No		0		-1	-1
8	No		0		-1	-1
9	No		0		-1	-1
10	No		0		-1	-1
11	No		0		-1	-1
12	No		0		-1	-1
13	No		0		-1	-1
14	No		0		-1	-1
15	No		0		-1	-1
16	No		0		-1	-1
17	No		0		-1	-1
18	No		0		-1	-1
19	No		0		-1	-1
20	No		0		-1	-1
21	No		0		-1	-1
22	No		0		-1	-1
23	No		0		-1	-1
24	No		0		-1	-1
25	No		0		-1	-1
26	No		0		-1	-1
27	No		0		-1	-1
28	No		0		-1	-1
29	No		0		-1	-1
30	No		0		-1	-1
31	No		0		-1	-1
32	No		0		-1	-1
33	No		0		-1	-1
34	No		0		-1	-1
35	No		0		-1	-1
36	No		0		-1	-1
37	No		0		-1	-1
38	No		0		-1	-1
39	No		0		-1	-1
40	No		0		-1	-1
41	No		0		-1	-1
42	No		0		-1	-1
43	No		0		-1	-1
44	No		0		-1	-1
45	No		0		-1	-1
46	No		0		-1	-1
47	No		0		-1	-1
48	No		0		-1	-1
49	No		0		-1	-1
50	No		0		-1	-1
51	No		0		-1	-1
52	No		0		-1	-1
53	No		0		-1	-1
54	No		0		-1	-1
55	No		0		-1	-1
56	No		0		-1	-1
57	No		0		-1	-1
58	No		0		-1	-1
59	No		0		-1	-1
60	No		0		-1	-1
61	No		0		-1	-1
62	No		0		-1	-1
63	No		0		-1	-1

Page Tables:
P0 page table: [ -1 -1 -1 -1 -1 -1 -1 -1 -1 -1 -1 -1 -1 -1 -1 -1 ]
P1 page table: [ -1 -1 -1 -1 -1 -1 -1 -1 -1 -1 -1 -1 -1 -1 -1 -1 ]

Blocked Queue:
None


Current memory layout at time 22:0 is:
Frame	Occupied	DirtyBit	Process	Page
0	No		0		-1	-1
1	No		0		-1	-1
2	No		0		-1	-1
3	No		0		-1	-1
4	No		0		-1	-1
5	No		0		-1	-1
6	No		0		-1	-1
7	No		0		-1	-1
8	No		0		-1	-1
9	No		0		-1	-1
10	No		0		-1	-1
11	No		0		-1	-1
12	No		0		-1	-1
13	No		0		-1	-1
14	No		0		-1	-1
15	No		0		-1	-1
16	No		0		-1	-1
17	No		0		-1	-1
18	No		0		-1	-1
19	No		0		-1	-1
20	No		0		-1	-1
21	No		0		-1	-1
22	No		0		-1	-1
23	No		0		-1	-1
24	No		0		-1	-1
25	No		0		-1	-1
26	No		0		-1	-1
27	No		0		-1	-1
28	No		0		-1	-1
29	No		0		-1	-1
30	No		0		-1	-1
31	No		0		-1	-1
32	No		0		-1	-1
33	No		0		-1	-1
34	No		0		-1	-1
35	No		0		-1	-1
36	No		0		-1	-1
37	No		0		-1	-1
38	No		0		-1	-1
39	No		0		-1	-1
40	No		0		-1	-1
41	No		0		-1	-1
42	No		0		-1	-1
43	No		0		-1	-1
44	No		0		-1	-1
45	No		0		-1	-1
46	No		0		-1	-1
47	No		0		-1	-1
48	No		0		-1	-1
49	No		0		-1	-1
50	No		0		-1	-1
51	No		0		-1	-1
52	No		0		-1	-1
53	No		0		-1	-1
54	No		0		-1	-1
55	No		0		-1	-1
56	No		0		-1	-1
57	No		0		-1	-1
58	No		0		-1	-1
59	No		0		-1	-1
60	No		0		-1	-1
61	No		0		-1	-1
62	No		0		-1	-1
63	No		0		-1	-1

Page Tables:
P0 page table: [ -1 -1 -1 -1 -1 -1 -1 -1 -1 -1 -1 -1 -1 -1 -1 -1 ]
P1 page table: [ -1 -1 -1 -1 -1 -1 -1 -1 -1 -1 -1 -1 -1 -1 -1 -1 ]

Blocked Queue:
None


Current memory layout at time 22:500000000 is:
Frame	Occupied	DirtyBit	Process	Page
0	No		0		-1	-1
1	No		0		-1	-1
2	No		0		-1	-1
3	No		0		-1	-1
4	No		0		-1	-1
5	No		0		-1	-1
6	No		0		-1	-1
7	No		0		-1	-1
8	No		0		-1	-1
9	No		0		-1	-1
10	No		0		-1	-1
11	No		0		-1	-1
12	No		0		-1	-1
13	No		0		-1	-1
14	No		0		-1	-1
15	No		0		-1	-1
16	No		0		-1	-1
17	No		0		-1	-1
18	No		0		-1	-1
19	No		0		-1	-1
20	No		0		-1	-1
21	No		0		-1	-1
22	No		0		-1	-1
23	No		0		-1	-1
24	No		0		-1	-1
25	No		0		-1	-1
26	No		0		-1	-1
27	No		0		-1	-1
28	No		0		-1	-1
29	No		0		-1	-1
30	No		0		-1	-1
31	No		0		-1	-1
32	No		0		-1	-1
33	No		0		-1	-1
34	No		0		-1	-1
35	No		0		-1	-1
36	No		0		-1	-1
37	No		0		-1	-1
38	No		0		-1	-1
39	No		0		-1	-1
40	No		0		-1	-1
41	No		0		-1	-1
42	No		0		-1	-1
43	No		0		-1	-1
44	No		0		-1	-1
45	No		0		-1	-1
46	No		0		-1	-1
47	No		0		-1	-1
48	No		0		-1	-1
49	No		0		-1	-1
50	No		0		-1	-1
51	No		0		-1	-1
52	No		0		-1	-1
53	No		0		-1	-1
54	No		0		-1	-1
55	No		0		-1	-1
56	No		0		-1	-1
57	No		0		-1	-1
58	No		0		-1	-1
59	No		0		-1	-1
60	No		0		-1	-1
61	No		0		-1	-1
62	No		0		-1	-1
63	No		0		-1	-1

Page Tables:
P0 page table: [ -1 -1 -1 -1 -1 -1 -1 -1 -1 -1 -1 -1 -1 -1 -1 -1 ]
P1 page table: [ -1 -1 -1 -1 -1 -1 -1 -1 -1 -1 -1 -1 -1 -1 -1 -1 ]

Blocked Queue:
None


Current memory layout at time 23:0 is:
Frame	Occupied	DirtyBit	Process	Page
0	No		0		-1	-1
1	No		0		-1	-1
2	No		0		-1	-1
3	No		0		-1	-1
4	No		0		-1	-1
5	No		0		-1	-1
6	No		0		-1	-1
7	No		0		-1	-1
8	No		0		-1	-1
9	No		0		-1	-1
10	No		0		-1	-1
11	No		0		-1	-1
12	No		0		-1	-1
13	No		0		-1	-1
14	No		0		-1	-1
15	No		0		-1	-1
16	No		0		-1	-1
17	No		0		-1	-1
18	No		0		-1	-1
19	No		0		-1	-1
20	No		0		-1	-1
21	No		0		-1	-1
22	No		0		-1	-1
23	No		0		-1	-1
24	No		0		-1	-1
25	No		0		-1	-1
26	No		0		-1	-1
27	No		0		-1	-1
28	No		0		-1	-1
29	No		0		-1	-1
30	No		0		-1	-1
31	No		0		-1	-1
32	No		0		-1	-1
33	No		0		-1	-1
34	No		0		-1	-1
35	No		0		-1	-1
36	No		0		-1	-1
37	No		0		-1	-1
38	No		0		-1	-1
39	No		0		-1	-1
40	No		0		-1	-1
41	No		0		-1	-1
42	No		0		-1	-1
43	No		0		-1	-1
44	No		0		-1	-1
45	No		0		-1	-1
46	No		0		-1	-1
47	No		0		-1	-1
48	No		0		-1	-1
49	No		0		-1	-1
50	No		0		-1	-1
51	No		0		-1	-1
52	No		0		-1	-1
53	No		0		-1	-1
54	No		0		-1	-1
55	No		0		-1	-1
56	No		0		-1	-1
57	No		0		-1	-1
58	No		0		-1	-1
59	No		0		-1	-1
60	No		0		-1	-1
61	No		0		-1	-1
62	No		0		-1	-1
63	No		0		-1	-1

Page Tables:
P0 page table: [ -1 -1 -1 -1 -1 -1 -1 -1 -1 -1 -1 -1 -1 -1 -1 -1 ]
P1 page table: [ -1 -1 -1 -1 -1 -1 -1 -1 -1 -1 -1 -1 -1 -1 -1 -1 ]

Blocked Queue:
None


Current memory layout at time 23:500000000 is:
Frame	Occupied	DirtyBit	Process	Page
0	No		0		-1	-1
1	No		0		-1	-1
2	No		0		-1	-1
3	No		0		-1	-1
4	No		0		-1	-1
5	No		0		-1	-1
6	No		0		-1	-1
7	No		0		-1	-1
8	No		0		-1	-1
9	No		0		-1	-1
10	No		0		-1	-1
11	No		0		-1	-1
12	No		0		-1	-1
13	No		0		-1	-1
14	No		0		-1	-1
15	No		0		-1	-1
16	No		0		-1	-1
17	No		0		-1	-1
18	No		0		-1	-1
19	No		0		-1	-1
20	No		0		-1	-1
21	No		0		-1	-1
22	No		0		-1	-1
23	No		0		-1	-1
24	No		0		-1	-1
25	No		0		-1	-1
26	No		0		-1	-1
27	No		0		-1	-1
28	No		0		-1	-1
29	No		0		-1	-1
30	No		0		-1	-1
31	No		0		-1	-1
32	No		0		-1	-1
33	No		0		-1	-1
34	No		0		-1	-1
35	No		0		-1	-1
36	No		0		-1	-1
37	No		0		-1	-1
38	No		0		-1	-1
39	No		0		-1	-1
40	No		0		-1	-1
41	No		0		-1	-1
42	No		0		-1	-1
43	No		0		-1	-1
44	No		0		-1	-1
45	No		0		-1	-1
46	No		0		-1	-1
47	No		0		-1	-1
48	No		0		-1	-1
49	No		0		-1	-1
50	No		0		-1	-1
51	No		0		-1	-1
52	No		0		-1	-1
53	No		0		-1	-1
54	No		0		-1	-1
55	No		0		-1	-1
56	No		0		-1	-1
57	No		0		-1	-1
58	No		0		-1	-1
59	No		0		-1	-1
60	No		0		-1	-1
61	No		0		-1	-1
62	No		0		-1	-1
63	No		0		-1	-1

Page Tables:
P0 page table: [ -1 -1 -1 -1 -1 -1 -1 -1 -1 -1 -1 -1 -1 -1 -1 -1 ]
P1 page table: [ -1 -1 -1 -1 -1 -1 -1 -1 -1 -1 -1 -1 -1 -1 -1 -1 ]

Blocked Queue:
None


Current memory layout at time 24:0 is:
Frame	Occupied	DirtyBit	Process	Page
0	No		0		-1	-1
1	No		0		-1	-1
2	No		0		-1	-1
3	No		0		-1	-1
4	No		0		-1	-1
5	No		0		-1	-1
6	No		0		-1	-1
7	No		0		-1	-1
8	No		0		-1	-1
9	No		0		-1	-1
10	No		0		-1	-1
11	No		0		-1	-1
12	No		0		-1	-1
13	No		0		-1	-1
14	No		0		-1	-1
15	No		0		-1	-1
16	No		0		-1	-1
17	No		0		-1	-1
18	No		0		-1	-1
19	No		0		-1	-1
20	No		0		-1	-1
21	No		0		-1	-1
22	No		0		-1	-1
23	No		0		-1	-1
24	No		0		-1	-1
25	No		0		-1	-1
26	No		0		-1	-1
27	No		0		-1	-1
28	No		0		-1	-1
29	No		0		-1	-1
30	No		0		-1	-1
31	No		0		-1	-1
32	No		0		-1	-1
33	No		0		-1	-1
34	No		0		-1	-1
35	No		0		-1	-1
36	No		0		-1	-1
37	No		0		-1	-1
38	No		0		-1	-1
39	No		0		-1	-1
40	No		0		-1	-1
41	No		0		-1	-1
42	No		0		-1	-1
43	No		0		-1	-1
44	No		0		-1	-1
45	No		0		-1	-1
46	No		0		-1	-1
47	No		0		-1	-1
48	No		0		-1	-1
49	No		0		-1	-1
50	No		0		-1	-1
51	No		0		-1	-1
52	No		0		-1	-1
53	No		0		-1	-1
54	No		0		-1	-1
55	No		0		-1	-1
56	No		0		-1	-1
57	No		0		-1	-1
58	No		0		-1	-1
59	No		0		-1	-1
60	No		0		-1	-1
61	No		0		-1	-1
62	No		0		-1	-1
63	No		0		-1	-1

Page Tables:
P0 page table: [ -1 -1 -1 -1 -1 -1 -1 -1 -1 -1 -1 -1 -1 -1 -1 -1 ]
P1 page table: [ -1 -1 -1 -1 -1 -1 -1 -1 -1 -1 -1 -1 -1 -1 -1 -1 ]

Blocked Queue:
None


Current memory layout at time 24:500000000 is:
Frame	Occupied	DirtyBit	Process	Page
0	No		0		-1	-1
1	No		0		-1	-1
2	No		0		-1	-1
3	No		0		-1	-1
4	No		0		-1	-1
5	No		0		-1	-1
6	No		0		-1	-1
7	No		0		-1	-1
8	No		0		-1	-1
9	No		0		-1	-1
10	No		0		-1	-1
11	No		0		-1	-1
12	No		0		-1	-1
13	No		0		-1	-1
14	No		0		-1	-1
15	No		0		-1	-1
16	No		0		-1	-1
17	No		0		-1	-1
18	No		0		-1	-1
19	No		0		-1	-1
20	No		0		-1	-1
21	No		0		-1	-1
22	No		0		-1	-1
23	No		0		-1	-1
24	No		0		-1	-1
25	No		0		-1	-1
26	No		0		-1	-1
27	No		0		-1	-1
28	No		0		-1	-1
29	No		0		-1	-1
30	No		0		-1	-1
31	No		0		-1	-1
32	No		0		-1	-1
33	No		0		-1	-1
34	No		0		-1	-1
35	No		0		-1	-1
36	No		0		-1	-1
37	No		0		-1	-1
38	No		0		-1	-1
39	No		0		-1	-1
40	No		0		-1	-1
41	No		0		-1	-1
42	No		0		-1	-1
43	No		0		-1	-1
44	No		0		-1	-1
45	No		0		-1	-1
46	No		0		-1	-1
47	No		0		-1	-1
48	No		0		-1	-1
49	No		0		-1	-1
50	No		0		-1	-1
51	No		0		-1	-1
52	No		0		-1	-1
53	No		0		-1	-1
54	No		0		-1	-1
55	No		0		-1	-1
56	No		0		-1	-1
57	No		0		-1	-1
58	No		0		-1	-1
59	No		0		-1	-1
60	No		0		-1	-1
61	No		0		-1	-1
62	No		0		-1	-1
63	No		0		-1	-1

Page Tables:
P0 page table: [ -1 -1 -1 -1 -1 -1 -1 -1 -1 -1 -1 -1 -1 -1 -1 -1 ]
P1 page table: [ -1 -1 -1 -1 -1 -1 -1 -1 -1 -1 -1 -1 -1 -1 -1 -1 ]

Blocked Queue:
None


Current memory layout at time 25:0 is:
Frame	Occupied	DirtyBit	Process	Page
0	No		0		-1	-1
1	No		0		-1	-1
2	No		0		-1	-1
3	No		0		-1	-1
4	No		0		-1	-1
5	No		0		-1	-1
6	No		0		-1	-1
7	No		0		-1	-1
8	No		0		-1	-1
9	No		0		-1	-1
10	No		0		-1	-1
11	No		0		-1	-1
12	No		0		-1	-1
13	No		0		-1	-1
14	No		0		-1	-1
15	No		0		-1	-1
16	No		0		-1	-1
17	No		0		-1	-1
18	No		0		-1	-1
19	No		0		-1	-1
20	No		0		-1	-1
21	No		0		-1	-1
22	No		0		-1	-1
23	No		0		-1	-1
24	No		0		-1	-1
25	No		0		-1	-1
26	No		0		-1	-1
27	No		0		-1	-1
28	No		0		-1	-1
29	No		0		-1	-1
30	No		0		-1	-1
31	No		0		-1	-1
32	No		0		-1	-1
33	No		0		-1	-1
34	No		0		-1	-1
35	No		0		-1	-1
36	No		0		-1	-1
37	No		0		-1	-1
38	No		0		-1	-1
39	No		0		-1	-1
40	No		0		-1	-1
41	No		0		-1	-1
42	No		0		-1	-1
43	No		0		-1	-1
44	No		0		-1	-1
45	No		0		-1	-1
46	No		0		-1	-1
47	No		0		-1	-1
48	No		0		-1	-1
49	No		0		-1	-1
50	No		0		-1	-1
51	No		0		-1	-1
52	No		0		-1	-1
53	No		0		-1	-1
54	No		0		-1	-1
55	No		0		-1	-1
56	No		0		-1	-1
57	No		0		-1	-1
58	No		0		-1	-1
59	No		0		-1	-1
60	No		0		-1	-1
61	No		0		-1	-1
62	No		0		-1	-1
63	No		0		-1	-1

Page Tables:
P0 page table: [ -1 -1 -1 -1 -1 -1 -1 -1 -1 -1 -1 -1 -1 -1 -1 -1 ]
P1 page table: [ -1 -1 -1 -1 -1 -1 -1 -1 -1 -1 -1 -1 -1 -1 -1 -1 ]

Blocked Queue:
None


Current memory layout at time 25:500000000 is:
Frame	Occupied	DirtyBit	Process	Page
0	No		0		-1	-1
1	No		0		-1	-1
2	No		0		-1	-1
3	No		0		-1	-1
4	No		0		-1	-1
5	No		0		-1	-1
6	No		0		-1	-1
7	No		0		-1	-1
8	No		0		-1	-1
9	No		0		-1	-1
10	No		0		-1	-1
11	No		0		-1	-1
12	No		0		-1	-1
13	No		0		-1	-1
14	No		0		-1	-1
15	No		0		-1	-1
16	No		0		-1	-1
17	No		0		-1	-1
18	No		0		-1	-1
19	No		0		-1	-1
20	No		0		-1	-1
21	No		0		-1	-1
22	No		0		-1	-1
23	No		0		-1	-1
24	No		0		-1	-1
25	No		0		-1	-1
26	No		0		-1	-1
27	No		0		-1	-1
28	No		0		-1	-1
29	No		0		-1	-1
30	No		0		-1	-1
31	No		0		-1	-1
32	No		0		-1	-1
33	No		0		-1	-1
34	No		0		-1	-1
35	No		0		-1	-1
36	No		0		-1	-1
37	No		0		-1	-1
38	No		0		-1	-1
39	No		0		-1	-1
40	No		0		-1	-1
41	No		0		-1	-1
42	No		0		-1	-1
43	No		0		-1	-1
44	No		0		-1	-1
45	No		0		-1	-1
46	No		0		-1	-1
47	No		0		-1	-1
48	No		0		-1	-1
49	No		0		-1	-1
50	No		0		-1	-1
51	No		0		-1	-1
52	No		0		-1	-1
53	No		0		-1	-1
54	No		0		-1	-1
55	No		0		-1	-1
56	No		0		-1	-1
57	No		0		-1	-1
58	No		0		-1	-1
59	No		0		-1	-1
60	No		0		-1	-1
61	No		0		-1	-1
62	No		0		-1	-1
63	No		0		-1	-1

Page Tables:
P0 page table: [ -1 -1 -1 -1 -1 -1 -1 -1 -1 -1 -1 -1 -1 -1 -1 -1 ]
P1 page table: [ -1 -1 -1 -1 -1 -1 -1 -1 -1 -1 -1 -1 -1 -1 -1 -1 ]

Blocked Queue:
None


Current memory layout at time 26:0 is:
Frame	Occupied	DirtyBit	Process	Page
0	No		0		-1	-1
1	No		0		-1	-1
2	No		0		-1	-1
3	No		0		-1	-1
4	No		0		-1	-1
5	No		0		-1	-1
6	No		0		-1	-1
7	No		0		-1	-1
8	No		0		-1	-1
9	No		0		-1	-1
10	No		0		-1	-1
11	No		0		-1	-1
12	No		0		-1	-1
13	No		0		-1	-1
14	No		0		-1	-1
15	No		0		-1	-1
16	No		0		-1	-1
17	No		0		-1	-1
18	No		0		-1	-1
19	No		0		-1	-1
20	No		0		-1	-1
21	No		0		-1	-1
22	No		0		-1	-1
23	No		0		-1	-1
24	No		0		-1	-1
25	No		0		-1	-1
26	No		0		-1	-1
27	No		0		-1	-1
28	No		0		-1	-1
29	No		0		-1	-1
30	No		0		-1	-1
31	No		0		-1	-1
32	No		0		-1	-1
33	No		0		-1	-1
34	No		0		-1	-1
35	No		0		-1	-1
36	No		0		-1	-1
37	No		0		-1	-1
38	No		0		-1	-1
39	No		0		-1	-1
40	No		0		-1	-1
41	No		0		-1	-1
42	No		0		-1	-1
43	No		0		-1	-1
44	No		0		-1	-1
45	No		0		-1	-1
46	No		0		-1	-1
47	No		0		-1	-1
48	No		0		-1	-1
49	No		0		-1	-1
50	No		0		-1	-1
51	No		0		-1	-1
52	No		0		-1	-1
53	No		0		-1	-1
54	No		0		-1	-1
55	No		0		-1	-1
56	No		0		-1	-1
57	No		0		-1	-1
58	No		0		-1	-1
59	No		0		-1	-1
60	No		0		-1	-1
61	No		0		-1	-1
62	No		0		-1	-1
63	No		0		-1	-1

Page Tables:
P0 page table: [ -1 -1 -1 -1 -1 -1 -1 -1 -1 -1 -1 -1 -1 -1 -1 -1 ]
P1 page table: [ -1 -1 -1 -1 -1 -1 -1 -1 -1 -1 -1 -1 -1 -1 -1 -1 ]

Blocked Queue:
None


Current memory layout at time 26:500000000 is:
Frame	Occupied	DirtyBit	Process	Page
0	No		0		-1	-1
1	No		0		-1	-1
2	No		0		-1	-1
3	No		0		-1	-1
4	No		0		-1	-1
5	No		0		-1	-1
6	No		0		-1	-1
7	No		0		-1	-1
8	No		0		-1	-1
9	No		0		-1	-1
10	No		0		-1	-1
11	No		0		-1	-1
12	No		0		-1	-1
13	No		0		-1	-1
14	No		0		-1	-1
15	No		0		-1	-1
16	No		0		-1	-1
17	No		0		-1	-1
18	No		0		-1	-1
19	No		0		-1	-1
20	No		0		-1	-1
21	No		0		-1	-1
22	No		0		-1	-1
23	No		0		-1	-1
24	No		0		-1	-1
25	No		0		-1	-1
26	No		0		-1	-1
27	No		0		-1	-1
28	No		0		-1	-1
29	No		0		-1	-1
30	No		0		-1	-1
31	No		0		-1	-1
32	No		0		-1	-1
33	No		0		-1	-1
34	No		0		-1	-1
35	No		0		-1	-1
36	No		0		-1	-1
37	No		0		-1	-1
38	No		0		-1	-1
39	No		0		-1	-1
40	No		0		-1	-1
41	No		0		-1	-1
42	No		0		-1	-1
43	No		0		-1	-1
44	No		0		-1	-1
45	No		0		-1	-1
46	No		0		-1	-1
47	No		0		-1	-1
48	No		0		-1	-1
49	No		0		-1	-1
50	No		0		-1	-1
51	No		0		-1	-1
52	No		0		-1	-1
53	No		0		-1	-1
54	No		0		-1	-1
55	No		0		-1	-1
56	No		0		-1	-1
57	No		0		-1	-1
58	No		0		-1	-1
59	No		0		-1	-1
60	No		0		-1	-1
61	No		0		-1	-1
62	No		0		-1	-1
63	No		0		-1	-1

Page Tables:
P0 page table: [ -1 -1 -1 -1 -1 -1 -1 -1 -1 -1 -1 -1 -1 -1 -1 -1 ]
P1 page table: [ -1 -1 -1 -1 -1 -1 -1 -1 -1 -1 -1 -1 -1 -1 -1 -1 ]

Blocked Queue:
None


Current memory layout at time 27:0 is:
Frame	Occupied	DirtyBit	Process	Page
0	No		0		-1	-1
1	No		0		-1	-1
2	No		0		-1	-1
3	No		0		-1	-1
4	No		0		-1	-1
5	No		0		-1	-1
6	No		0		-1	-1
7	No		0		-1	-1
8	No		0		-1	-1
9	No		0		-1	-1
10	No		0		-1	-1
11	No		0		-1	-1
12	No		0		-1	-1
13	No		0		-1	-1
14	No		0		-1	-1
15	No		0		-1	-1
16	No		0		-1	-1
17	No		0		-1	-1
18	No		0		-1	-1
19	No		0		-1	-1
20	No		0		-1	-1
21	No		0		-1	-1
22	No		0		-1	-1
23	No		0		-1	-1
24	No		0		-1	-1
25	No		0		-1	-1
26	No		0		-1	-1
27	No		0		-1	-1
28	No		0		-1	-1
29	No		0		-1	-1
30	No		0		-1	-1
31	No		0		-1	-1
32	No		0		-1	-1
33	No		0		-1	-1
34	No		0		-1	-1
35	No		0		-1	-1
36	No		0		-1	-1
37	No		0		-1	-1
38	No		0		-1	-1
39	No		0		-1	-1
40	No		0		-1	-1
41	No		0		-1	-1
42	No		0		-1	-1
43	No		0		-1	-1
44	No		0		-1	-1
45	No		0		-1	-1
46	No		0		-1	-1
47	No		0		-1	-1
48	No		0		-1	-1
49	No		0		-1	-1
50	No		0		-1	-1
51	No		0		-1	-1
52	No		0		-1	-1
53	No		0		-1	-1
54	No		0		-1	-1
55	No		0		-1	-1
56	No		0		-1	-1
57	No		0		-1	-1
58	No		0		-1	-1
59	No		0		-1	-1
60	No		0		-1	-1
61	No		0		-1	-1
62	No		0		-1	-1
63	No		0		-1	-1

Page Tables:
P0 page table: [ -1 -1 -1 -1 -1 -1 -1 -1 -1 -1 -1 -1 -1 -1 -1 -1 ]
P1 page table: [ -1 -1 -1 -1 -1 -1 -1 -1 -1 -1 -1 -1 -1 -1 -1 -1 ]

Blocked Queue:
None


Current memory layout at time 27:500000000 is:
Frame	Occupied	DirtyBit	Process	Page
0	No		0		-1	-1
1	No		0		-1	-1
2	No		0		-1	-1
3	No		0		-1	-1
4	No		0		-1	-1
5	No		0		-1	-1
6	No		0		-1	-1
7	No		0		-1	-1
8	No		0		-1	-1
9	No		0		-1	-1
10	No		0		-1	-1
11	No		0		-1	-1
12	No		0		-1	-1
13	No		0		-1	-1
14	No		0		-1	-1
15	No		0		-1	-1
16	No		0		-1	-1
17	No		0		-1	-1
18	No		0		-1	-1
19	No		0		-1	-1
20	No		0		-1	-1
21	No		0		-1	-1
22	No		0		-1	-1
23	No		0		-1	-1
24	No		0		-1	-1
25	No		0		-1	-1
26	No		0		-1	-1
27	No		0		-1	-1
28	No		0		-1	-1
29	No		0		-1	-1
30	No		0		-1	-1
31	No		0		-1	-1
32	No		0		-1	-1
33	No		0		-1	-1
34	No		0		-1	-1
35	No		0		-1	-1
36	No		0		-1	-1
37	No		0		-1	-1
38	No		0		-1	-1
39	No		0		-1	-1
40	No		0		-1	-1
41	No		0		-1	-1
42	No		0		-1	-1
43	No		0		-1	-1
44	No		0		-1	-1
45	No		0		-1	-1
46	No		0		-1	-1
47	No		0		-1	-1
48	No		0		-1	-1
49	No		0		-1	-1
50	No		0		-1	-1
51	No		0		-1	-1
52	No		0		-1	-1
53	No		0		-1	-1
54	No		0		-1	-1
55	No		0		-1	-1
56	No		0		-1	-1
57	No		0		-1	-1
58	No		0		-1	-1
59	No		0		-1	-1
60	No		0		-1	-1
61	No		0		-1	-1
62	No		0		-1	-1
63	No		0		-1	-1

Page Tables:
P0 page table: [ -1 -1 -1 -1 -1 -1 -1 -1 -1 -1 -1 -1 -1 -1 -1 -1 ]
P1 page table: [ -1 -1 -1 -1 -1 -1 -1 -1 -1 -1 -1 -1 -1 -1 -1 -1 ]

Blocked Queue:
None


Current memory layout at time 28:0 is:
Frame	Occupied	DirtyBit	Process	Page
0	No		0		-1	-1
1	No		0		-1	-1
2	No		0		-1	-1
3	No		0		-1	-1
4	No		0		-1	-1
5	No		0		-1	-1
6	No		0		-1	-1
7	No		0		-1	-1
8	No		0		-1	-1
9	No		0		-1	-1
10	No		0		-1	-1
11	No		0		-1	-1
12	No		0		-1	-1
13	No		0		-1	-1
14	No		0		-1	-1
15	No		0		-1	-1
16	No		0		-1	-1
17	No		0		-1	-1
18	No		0		-1	-1
19	No		0		-1	-1
20	No		0		-1	-1
21	No		0		-1	-1
22	No		0		-1	-1
23	No		0		-1	-1
24	No		0		-1	-1
25	No		0		-1	-1
26	No		0		-1	-1
27	No		0		-1	-1
28	No		0		-1	-1
29	No		0		-1	-1
30	No		0		-1	-1
31	No		0		-1	-1
32	No		0		-1	-1
33	No		0		-1	-1
34	No		0		-1	-1
35	No		0		-1	-1
36	No		0		-1	-1
37	No		0		-1	-1
38	No		0		-1	-1
39	No		0		-1	-1
40	No		0		-1	-1
41	No		0		-1	-1
42	No		0		-1	-1
43	No		0		-1	-1
44	No		0		-1	-1
45	No		0		-1	-1
46	No		0		-1	-1
47	No		0		-1	-1
48	No		0		-1	-1
49	No		0		-1	-1
50	No		0		-1	-1
51	No		0		-1	-1
52	No		0		-1	-1
53	No		0		-1	-1
54	No		0		-1	-1
55	No		0		-1	-1
56	No		0		-1	-1
57	No		0		-1	-1
58	No		0		-1	-1
59	No		0		-1	-1
60	No		0		-1	-1
61	No		0		-1	-1
62	No		0		-1	-1
63	No		0		-1	-1

Page Tables:
P0 page table: [ -1 -1 -1 -1 -1 -1 -1 -1 -1 -1 -1 -1 -1 -1 -1 -1 ]
P1 page table: [ -1 -1 -1 -1 -1 -1 -1 -1 -1 -1 -1 -1 -1 -1 -1 -1 ]

Blocked Queue:
None


Current memory layout at time 28:500000000 is:
Frame	Occupied	DirtyBit	Process	Page
0	No		0		-1	-1
1	No		0		-1	-1
2	No		0		-1	-1
3	No		0		-1	-1
4	No		0		-1	-1
5	No		0		-1	-1
6	No		0		-1	-1
7	No		0		-1	-1
8	No		0		-1	-1
9	No		0		-1	-1
10	No		0		-1	-1
11	No		0		-1	-1
12	No		0		-1	-1
13	No		0		-1	-1
14	No		0		-1	-1
15	No		0		-1	-1
16	No		0		-1	-1
17	No		0		-1	-1
18	No		0		-1	-1
19	No		0		-1	-1
20	No		0		-1	-1
21	No		0		-1	-1
22	No		0		-1	-1
23	No		0		-1	-1
24	No		0		-1	-1
25	No		0		-1	-1
26	No		0		-1	-1
27	No		0		-1	-1
28	No		0		-1	-1
29	No		0		-1	-1
30	No		0		-1	-1
31	No		0		-1	-1
32	No		0		-1	-1
33	No		0		-1	-1
34	No		0		-1	-1
35	No		0		-1	-1
36	No		0		-1	-1
37	No		0		-1	-1
38	No		0		-1	-1
39	No		0		-1	-1
40	No		0		-1	-1
41	No		0		-1	-1
42	No		0		-1	-1
43	No		0		-1	-1
44	No		0		-1	-1
45	No		0		-1	-1
46	No		0		-1	-1
47	No		0		-1	-1
48	No		0		-1	-1
49	No		0		-1	-1
50	No		0		-1	-1
51	No		0		-1	-1
52	No		0		-1	-1
53	No		0		-1	-1
54	No		0		-1	-1
55	No		0		-1	-1
56	No		0		-1	-1
57	No		0		-1	-1
58	No		0		-1	-1
59	No		0		-1	-1
60	No		0		-1	-1
61	No		0		-1	-1
62	No		0		-1	-1
63	No		0		-1	-1

Page Tables:
P0 page table: [ -1 -1 -1 -1 -1 -1 -1 -1 -1 -1 -1 -1 -1 -1 -1 -1 ]
P1 page table: [ -1 -1 -1 -1 -1 -1 -1 -1 -1 -1 -1 -1 -1 -1 -1 -1 ]

Blocked Queue:
None


Current memory layout at time 29:0 is:
Frame	Occupied	DirtyBit	Process	Page
0	No		0		-1	-1
1	No		0		-1	-1
2	No		0		-1	-1
3	No		0		-1	-1
4	No		0		-1	-1
5	No		0		-1	-1
6	No		0		-1	-1
7	No		0		-1	-1
8	No		0		-1	-1
9	No		0		-1	-1
10	No		0		-1	-1
11	No		0		-1	-1
12	No		0		-1	-1
13	No		0		-1	-1
14	No		0		-1	-1
15	No		0		-1	-1
16	No		0		-1	-1
17	No		0		-1	-1
18	No		0		-1	-1
19	No		0		-1	-1
20	No		0		-1	-1
21	No		0		-1	-1
22	No		0		-1	-1
23	No		0		-1	-1
24	No		0		-1	-1
25	No		0		-1	-1
26	No		0		-1	-1
27	No		0		-1	-1
28	No		0		-1	-1
29	No		0		-1	-1
30	No		0		-1	-1
31	No		0		-1	-1
32	No		0		-1	-1
33	No		0		-1	-1
34	No		0		-1	-1
35	No		0		-1	-1
36	No		0		-1	-1
37	No		0		-1	-1
38	No		0		-1	-1
39	No		0		-1	-1
40	No		0		-1	-1
41	No		0		-1	-1
42	No		0		-1	-1
43	No		0		-1	-1
44	No		0		-1	-1
45	No		0		-1	-1
46	No		0		-1	-1
47	No		0		-1	-1
48	No		0		-1	-1
49	No		0		-1	-1
50	No		0		-1	-1
51	No		0		-1	-1
52	No		0		-1	-1
53	No		0		-1	-1
54	No		0		-1	-1
55	No		0		-1	-1
56	No		0		-1	-1
57	No		0		-1	-1
58	No		0		-1	-1
59	No		0		-1	-1
60	No		0		-1	-1
61	No		0		-1	-1
62	No		0		-1	-1
63	No		0		-1	-1

Page Tables:
P0 page table: [ -1 -1 -1 -1 -1 -1 -1 -1 -1 -1 -1 -1 -1 -1 -1 -1 ]
P1 page table: [ -1 -1 -1 -1 -1 -1 -1 -1 -1 -1 -1 -1 -1 -1 -1 -1 ]

Blocked Queue:
None


Current memory layout at time 29:500000000 is:
Frame	Occupied	DirtyBit	Process	Page
0	No		0		-1	-1
1	No		0		-1	-1
2	No		0		-1	-1
3	No		0		-1	-1
4	No		0		-1	-1
5	No		0		-1	-1
6	No		0		-1	-1
7	No		0		-1	-1
8	No		0		-1	-1
9	No		0		-1	-1
10	No		0		-1	-1
11	No		0		-1	-1
12	No		0		-1	-1
13	No		0		-1	-1
14	No		0		-1	-1
15	No		0		-1	-1
16	No		0		-1	-1
17	No		0		-1	-1
18	No		0		-1	-1
19	No		0		-1	-1
20	No		0		-1	-1
21	No		0		-1	-1
22	No		0		-1	-1
23	No		0		-1	-1
24	No		0		-1	-1
25	No		0		-1	-1
26	No		0		-1	-1
27	No		0		-1	-1
28	No		0		-1	-1
29	No		0		-1	-1
30	No		0		-1	-1
31	No		0		-1	-1
32	No		0		-1	-1
33	No		0		-1	-1
34	No		0		-1	-1
35	No		0		-1	-1
36	No		0		-1	-1
37	No		0		-1	-1
38	No		0		-1	-1
39	No		0		-1	-1
40	No		0		-1	-1
41	No		0		-1	-1
42	No		0		-1	-1
43	No		0		-1	-1
44	No		0		-1	-1
45	No		0		-1	-1
46	No		0		-1	-1
47	No		0		-1	-1
48	No		0		-1	-1
49	No		0		-1	-1
50	No		0		-1	-1
51	No		0		-1	-1
52	No		0		-1	-1
53	No		0		-1	-1
54	No		0		-1	-1
55	No		0		-1	-1
56	No		0		-1	-1
57	No		0		-1	-1
58	No		0		-1	-1
59	No		0		-1	-1
60	No		0		-1	-1
61	No		0		-1	-1
62	No		0		-1	-1
63	No		0		-1	-1

Page Tables:
P0 page table: [ -1 -1 -1 -1 -1 -1 -1 -1 -1 -1 -1 -1 -1 -1 -1 -1 ]
P1 page table: [ -1 -1 -1 -1 -1 -1 -1 -1 -1 -1 -1 -1 -1 -1 -1 -1 ]

Blocked Queue:
None


Current memory layout at time 30:0 is:
Frame	Occupied	DirtyBit	Process	Page
0	No		0		-1	-1
1	No		0		-1	-1
2	No		0		-1	-1
3	No		0		-1	-1
4	No		0		-1	-1
5	No		0		-1	-1
6	No		0		-1	-1
7	No		0		-1	-1
8	No		0		-1	-1
9	No		0		-1	-1
10	No		0		-1	-1
11	No		0		-1	-1
12	No		0		-1	-1
13	No		0		-1	-1
14	No		0		-1	-1
15	No		0		-1	-1
16	No		0		-1	-1
17	No		0		-1	-1
18	No		0		-1	-1
19	No		0		-1	-1
20	No		0		-1	-1
21	No		0		-1	-1
22	No		0		-1	-1
23	No		0		-1	-1
24	No		0		-1	-1
25	No		0		-1	-1
26	No		0		-1	-1
27	No		0		-1	-1
28	No		0		-1	-1
29	No		0		-1	-1
30	No		0		-1	-1
31	No		0		-1	-1
32	No		0		-1	-1
33	No		0		-1	-1
34	No		0		-1	-1
35	No		0		-1	-1
36	No		0		-1	-1
37	No		0		-1	-1
38	No		0		-1	-1
39	No		0		-1	-1
40	No		0		-1	-1
41	No		0		-1	-1
42	No		0		-1	-1
43	No		0		-1	-1
44	No		0		-1	-1
45	No		0		-1	-1
46	No		0		-1	-1
47	No		0		-1	-1
48	No		0		-1	-1
49	No		0		-1	-1
50	No		0		-1	-1
51	No		0		-1	-1
52	No		0		-1	-1
53	No		0		-1	-1
54	No		0		-1	-1
55	No		0		-1	-1
56	No		0		-1	-1
57	No		0		-1	-1
58	No		0		-1	-1
59	No		0		-1	-1
60	No		0		-1	-1
61	No		0		-1	-1
62	No		0		-1	-1
63	No		0		-1	-1

Page Tables:
P0 page table: [ -1 -1 -1 -1 -1 -1 -1 -1 -1 -1 -1 -1 -1 -1 -1 -1 ]
P1 page table: [ -1 -1 -1 -1 -1 -1 -1 -1 -1 -1 -1 -1 -1 -1 -1 -1 ]

Blocked Queue:
None


Current memory layout at time 30:500000000 is:
Frame	Occupied	DirtyBit	Process	Page
0	No		0		-1	-1
1	No		0		-1	-1
2	No		0		-1	-1
3	No		0		-1	-1
4	No		0		-1	-1
5	No		0		-1	-1
6	No		0		-1	-1
7	No		0		-1	-1
8	No		0		-1	-1
9	No		0		-1	-1
10	No		0		-1	-1
11	No		0		-1	-1
12	No		0		-1	-1
13	No		0		-1	-1
14	No		0		-1	-1
15	No		0		-1	-1
16	No		0		-1	-1
17	No		0		-1	-1
18	No		0		-1	-1
19	No		0		-1	-1
20	No		0		-1	-1
21	No		0		-1	-1
22	No		0		-1	-1
23	No		0		-1	-1
24	No		0		-1	-1
25	No		0		-1	-1
26	No		0		-1	-1
27	No		0		-1	-1
28	No		0		-1	-1
29	No		0		-1	-1
30	No		0		-1	-1
31	No		0		-1	-1
32	No		0		-1	-1
33	No		0		-1	-1
34	No		0		-1	-1
35	No		0		-1	-1
36	No		0		-1	-1
37	No		0		-1	-1
38	No		0		-1	-1
39	No		0		-1	-1
40	No		0		-1	-1
41	No		0		-1	-1
42	No		0		-1	-1
43	No		0		-1	-1
44	No		0		-1	-1
45	No		0		-1	-1
46	No		0		-1	-1
47	No		0		-1	-1
48	No		0		-1	-1
49	No		0		-1	-1
50	No		0		-1	-1
51	No		0		-1	-1
52	No		0		-1	-1
53	No		0		-1	-1
54	No		0		-1	-1
55	No		0		-1	-1
56	No		0		-1	-1
57	No		0		-1	-1
58	No		0		-1	-1
59	No		0		-1	-1
60	No		0		-1	-1
61	No		0		-1	-1
62	No		0		-1	-1
63	No		0		-1	-1

Page Tables:
P0 page table: [ -1 -1 -1 -1 -1 -1 -1 -1 -1 -1 -1 -1 -1 -1 -1 -1 ]
P1 page table: [ -1 -1 -1 -1 -1 -1 -1 -1 -1 -1 -1 -1 -1 -1 -1 -1 ]

Blocked Queue:
None


Current memory layout at time 31:0 is:
Frame	Occupied	DirtyBit	Process	Page
0	No		0		-1	-1
1	No		0		-1	-1
2	No		0		-1	-1
3	No		0		-1	-1
4	No		0		-1	-1
5	No		0		-1	-1
6	No		0		-1	-1
7	No		0		-1	-1
8	No		0		-1	-1
9	No		0		-1	-1
10	No		0		-1	-1
11	No		0		-1	-1
12	No		0		-1	-1
13	No		0		-1	-1
14	No		0		-1	-1
15	No		0		-1	-1
16	No		0		-1	-1
17	No		0		-1	-1
18	No		0		-1	-1
19	No		0		-1	-1
20	No		0		-1	-1
21	No		0		-1	-1
22	No		0		-1	-1
23	No		0		-1	-1
24	No		0		-1	-1
25	No		0		-1	-1
26	No		0		-1	-1
27	No		0		-1	-1
28	No		0		-1	-1
29	No		0		-1	-1
30	No		0		-1	-1
31	No		0		-1	-1
32	No		0		-1	-1
33	No		0		-1	-1
34	No		0		-1	-1
35	No		0		-1	-1
36	No		0		-1	-1
37	No		0		-1	-1
38	No		0		-1	-1
39	No		0		-1	-1
40	No		0		-1	-1
41	No		0		-1	-1
42	No		0		-1	-1
43	No		0		-1	-1
44	No		0		-1	-1
45	No		0		-1	-1
46	No		0		-1	-1
47	No		0		-1	-1
48	No		0		-1	-1
49	No		0		-1	-1
50	No		0		-1	-1
51	No		0		-1	-1
52	No		0		-1	-1
53	No		0		-1	-1
54	No		0		-1	-1
55	No		0		-1	-1
56	No		0		-1	-1
57	No		0		-1	-1
58	No		0		-1	-1
59	No		0		-1	-1
60	No		0		-1	-1
61	No		0		-1	-1
62	No		0		-1	-1
63	No		0		-1	-1

Page Tables:
P0 page table: [ -1 -1 -1 -1 -1 -1 -1 -1 -1 -1 -1 -1 -1 -1 -1 -1 ]
P1 page table: [ -1 -1 -1 -1 -1 -1 -1 -1 -1 -1 -1 -1 -1 -1 -1 -1 ]

Blocked Queue:
None


Current memory layout at time 31:500000000 is:
Frame	Occupied	DirtyBit	Process	Page
0	No		0		-1	-1
1	No		0		-1	-1
2	No		0		-1	-1
3	No		0		-1	-1
4	No		0		-1	-1
5	No		0		-1	-1
6	No		0		-1	-1
7	No		0		-1	-1
8	No		0		-1	-1
9	No		0		-1	-1
10	No		0		-1	-1
11	No		0		-1	-1
12	No		0		-1	-1
13	No		0		-1	-1
14	No		0		-1	-1
15	No		0		-1	-1
16	No		0		-1	-1
17	No		0		-1	-1
18	No		0		-1	-1
19	No		0		-1	-1
20	No		0		-1	-1
21	No		0		-1	-1
22	No		0		-1	-1
23	No		0		-1	-1
24	No		0		-1	-1
25	No		0		-1	-1
26	No		0		-1	-1
27	No		0		-1	-1
28	No		0		-1	-1
29	No		0		-1	-1
30	No		0		-1	-1
31	No		0		-1	-1
32	No		0		-1	-1
33	No		0		-1	-1
34	No		0		-1	-1
35	No		0		-1	-1
36	No		0		-1	-1
37	No		0		-1	-1
38	No		0		-1	-1
39	No		0		-1	-1
40	No		0		-1	-1
41	No		0		-1	-1
42	No		0		-1	-1
43	No		0		-1	-1
44	No		0		-1	-1
45	No		0		-1	-1
46	No		0		-1	-1
47	No		0		-1	-1
48	No		0		-1	-1
49	No		0		-1	-1
50	No		0		-1	-1
51	No		0		-1	-1
52	No		0		-1	-1
53	No		0		-1	-1
54	No		0		-1	-1
55	No		0		-1	-1
56	No		0		-1	-1
57	No		0		-1	-1
58	No		0		-1	-1
59	No		0		-1	-1
60	No		0		-1	-1
61	No		0		-1	-1
62	No		0		-1	-1
63	No		0		-1	-1

Page Tables:
P0 page table: [ -1 -1 -1 -1 -1 -1 -1 -1 -1 -1 -1 -1 -1 -1 -1 -1 ]
P1 page table: [ -1 -1 -1 -1 -1 -1 -1 -1 -1 -1 -1 -1 -1 -1 -1 -1 ]

Blocked Queue:
None


Current memory layout at time 32:0 is:
Frame	Occupied	DirtyBit	Process	Page
0	No		0		-1	-1
1	No		0		-1	-1
2	No		0		-1	-1
3	No		0		-1	-1
4	No		0		-1	-1
5	No		0		-1	-1
6	No		0		-1	-1
7	No		0		-1	-1
8	No		0		-1	-1
9	No		0		-1	-1
10	No		0		-1	-1
11	No		0		-1	-1
12	No		0		-1	-1
13	No		0		-1	-1
14	No		0		-1	-1
15	No		0		-1	-1
16	No		0		-1	-1
17	No		0		-1	-1
18	No		0		-1	-1
19	No		0		-1	-1
20	No		0		-1	-1
21	No		0		-1	-1
22	No		0		-1	-1
23	No		0		-1	-1
24	No		0		-1	-1
25	No		0		-1	-1
26	No		0		-1	-1
27	No		0		-1	-1
28	No		0		-1	-1
29	No		0		-1	-1
30	No		0		-1	-1
31	No		0		-1	-1
32	No		0		-1	-1
33	No		0		-1	-1
34	No		0		-1	-1
35	No		0		-1	-1
36	No		0		-1	-1
37	No		0		-1	-1
38	No		0		-1	-1
39	No		0		-1	-1
40	No		0		-1	-1
41	No		0		-1	-1
42	No		0		-1	-1
43	No		0		-1	-1
44	No		0		-1	-1
45	No		0		-1	-1
46	No		0		-1	-1
47	No		0		-1	-1
48	No		0		-1	-1
49	No		0		-1	-1
50	No		0		-1	-1
51	No		0		-1	-1
52	No		0		-1	-1
53	No		0		-1	-1
54	No		0		-1	-1
55	No		0		-1	-1
56	No		0		-1	-1
57	No		0		-1	-1
58	No		0		-1	-1
59	No		0		-1	-1
60	No		0		-1	-1
61	No		0		-1	-1
62	No		0		-1	-1
63	No		0		-1	-1

Page Tables:
P0 page table: [ -1 -1 -1 -1 -1 -1 -1 -1 -1 -1 -1 -1 -1 -1 -1 -1 ]
P1 page table: [ -1 -1 -1 -1 -1 -1 -1 -1 -1 -1 -1 -1 -1 -1 -1 -1 ]

Blocked Queue:
None


Current memory layout at time 32:500000000 is:
Frame	Occupied	DirtyBit	Process	Page
0	No		0		-1	-1
1	No		0		-1	-1
2	No		0		-1	-1
3	No		0		-1	-1
4	No		0		-1	-1
5	No		0		-1	-1
6	No		0		-1	-1
7	No		0		-1	-1
8	No		0		-1	-1
9	No		0		-1	-1
10	No		0		-1	-1
11	No		0		-1	-1
12	No		0		-1	-1
13	No		0		-1	-1
14	No		0		-1	-1
15	No		0		-1	-1
16	No		0		-1	-1
17	No		0		-1	-1
18	No		0		-1	-1
19	No		0		-1	-1
20	No		0		-1	-1
21	No		0		-1	-1
22	No		0		-1	-1
23	No		0		-1	-1
24	No		0		-1	-1
25	No		0		-1	-1
26	No		0		-1	-1
27	No		0		-1	-1
28	No		0		-1	-1
29	No		0		-1	-1
30	No		0		-1	-1
31	No		0		-1	-1
32	No		0		-1	-1
33	No		0		-1	-1
34	No		0		-1	-1
35	No		0		-1	-1
36	No		0		-1	-1
37	No		0		-1	-1
38	No		0		-1	-1
39	No		0		-1	-1
40	No		0		-1	-1
41	No		0		-1	-1
42	No		0		-1	-1
43	No		0		-1	-1
44	No		0		-1	-1
45	No		0		-1	-1
46	No		0		-1	-1
47	No		0		-1	-1
48	No		0		-1	-1
49	No		0		-1	-1
50	No		0		-1	-1
51	No		0		-1	-1
52	No		0		-1	-1
53	No		0		-1	-1
54	No		0		-1	-1
55	No		0		-1	-1
56	No		0		-1	-1
57	No		0		-1	-1
58	No		0		-1	-1
59	No		0		-1	-1
60	No		0		-1	-1
61	No		0		-1	-1
62	No		0		-1	-1
63	No		0		-1	-1

Page Tables:
P0 page table: [ -1 -1 -1 -1 -1 -1 -1 -1 -1 -1 -1 -1 -1 -1 -1 -1 ]
P1 page table: [ -1 -1 -1 -1 -1 -1 -1 -1 -1 -1 -1 -1 -1 -1 -1 -1 ]

Blocked Queue:
None


Current memory layout at time 33:0 is:
Frame	Occupied	DirtyBit	Process	Page
0	No		0		-1	-1
1	No		0		-1	-1
2	No		0		-1	-1
3	No		0		-1	-1
4	No		0		-1	-1
5	No		0		-1	-1
6	No		0		-1	-1
7	No		0		-1	-1
8	No		0		-1	-1
9	No		0		-1	-1
10	No		0		-1	-1
11	No		0		-1	-1
12	No		0		-1	-1
13	No		0		-1	-1
14	No		0		-1	-1
15	No		0		-1	-1
16	No		0		-1	-1
17	No		0		-1	-1
18	No		0		-1	-1
19	No		0		-1	-1
20	No		0		-1	-1
21	No		0		-1	-1
22	No		0		-1	-1
23	No		0		-1	-1
24	No		0		-1	-1
25	No		0		-1	-1
26	No		0		-1	-1
27	No		0		-1	-1
28	No		0		-1	-1
29	No		0		-1	-1
30	No		0		-1	-1
31	No		0		-1	-1
32	No		0		-1	-1
33	No		0		-1	-1
34	No		0		-1	-1
35	No		0		-1	-1
36	No		0		-1	-1
37	No		0		-1	-1
38	No		0		-1	-1
39	No		0		-1	-1
40	No		0		-1	-1
41	No		0		-1	-1
42	No		0		-1	-1
43	No		0		-1	-1
44	No		0		-1	-1
45	No		0		-1	-1
46	No		0		-1	-1
47	No		0		-1	-1
48	No		0		-1	-1
49	No		0		-1	-1
50	No		0		-1	-1
51	No		0		-1	-1
52	No		0		-1	-1
53	No		0		-1	-1
54	No		0		-1	-1
55	No		0		-1	-1
56	No		0		-1	-1
57	No		0		-1	-1
58	No		0		-1	-1
59	No		0		-1	-1
60	No		0		-1	-1
61	No		0		-1	-1
62	No		0		-1	-1
63	No		0		-1	-1

Page Tables:
P0 page table: [ -1 -1 -1 -1 -1 -1 -1 -1 -1 -1 -1 -1 -1 -1 -1 -1 ]
P1 page table: [ -1 -1 -1 -1 -1 -1 -1 -1 -1 -1 -1 -1 -1 -1 -1 -1 ]

Blocked Queue:
None


Current memory layout at time 33:500000000 is:
Frame	Occupied	DirtyBit	Process	Page
0	No		0		-1	-1
1	No		0		-1	-1
2	No		0		-1	-1
3	No		0		-1	-1
4	No		0		-1	-1
5	No		0		-1	-1
6	No		0		-1	-1
7	No		0		-1	-1
8	No		0		-1	-1
9	No		0		-1	-1
10	No		0		-1	-1
11	No		0		-1	-1
12	No		0		-1	-1
13	No		0		-1	-1
14	No		0		-1	-1
15	No		0		-1	-1
16	No		0		-1	-1
17	No		0		-1	-1
18	No		0		-1	-1
19	No		0		-1	-1
20	No		0		-1	-1
21	No		0		-1	-1
22	No		0		-1	-1
23	No		0		-1	-1
24	No		0		-1	-1
25	No		0		-1	-1
26	No		0		-1	-1
27	No		0		-1	-1
28	No		0		-1	-1
29	No		0		-1	-1
30	No		0		-1	-1
31	No		0		-1	-1
32	No		0		-1	-1
33	No		0		-1	-1
34	No		0		-1	-1
35	No		0		-1	-1
36	No		0		-1	-1
37	No		0		-1	-1
38	No		0		-1	-1
39	No		0		-1	-1
40	No		0		-1	-1
41	No		0		-1	-1
42	No		0		-1	-1
43	No		0		-1	-1
44	No		0		-1	-1
45	No		0		-1	-1
46	No		0		-1	-1
47	No		0		-1	-1
48	No		0		-1	-1
49	No		0		-1	-1
50	No		0		-1	-1
51	No		0		-1	-1
52	No		0		-1	-1
53	No		0		-1	-1
54	No		0		-1	-1
55	No		0		-1	-1
56	No		0		-1	-1
57	No		0		-1	-1
58	No		0		-1	-1
59	No		0		-1	-1
60	No		0		-1	-1
61	No		0		-1	-1
62	No		0		-1	-1
63	No		0		-1	-1

Page Tables:
P0 page table: [ -1 -1 -1 -1 -1 -1 -1 -1 -1 -1 -1 -1 -1 -1 -1 -1 ]
P1 page table: [ -1 -1 -1 -1 -1 -1 -1 -1 -1 -1 -1 -1 -1 -1 -1 -1 ]

Blocked Queue:
None


Current memory layout at time 34:0 is:
Frame	Occupied	DirtyBit	Process	Page
0	No		0		-1	-1
1	No		0		-1	-1
2	No		0		-1	-1
3	No		0		-1	-1
4	No		0		-1	-1
5	No		0		-1	-1
6	No		0		-1	-1
7	No		0		-1	-1
8	No		0		-1	-1
9	No		0		-1	-1
10	No		0		-1	-1
11	No		0		-1	-1
12	No		0		-1	-1
13	No		0		-1	-1
14	No		0		-1	-1
15	No		0		-1	-1
16	No		0		-1	-1
17	No		0		-1	-1
18	No		0		-1	-1
19	No		0		-1	-1
20	No		0		-1	-1
21	No		0		-1	-1
22	No		0		-1	-1
23	No		0		-1	-1
24	No		0		-1	-1
25	No		0		-1	-1
26	No		0		-1	-1
27	No		0		-1	-1
28	No		0		-1	-1
29	No		0		-1	-1
30	No		0		-1	-1
31	No		0		-1	-1
32	No		0		-1	-1
33	No		0		-1	-1
34	No		0		-1	-1
35	No		0		-1	-1
36	No		0		-1	-1
37	No		0		-1	-1
38	No		0		-1	-1
39	No		0		-1	-1
40	No		0		-1	-1
41	No		0		-1	-1
42	No		0		-1	-1
43	No		0		-1	-1
44	No		0		-1	-1
45	No		0		-1	-1
46	No		0		-1	-1
47	No		0		-1	-1
48	No		0		-1	-1
49	No		0		-1	-1
50	No		0		-1	-1
51	No		0		-1	-1
52	No		0		-1	-1
53	No		0		-1	-1
54	No		0		-1	-1
55	No		0		-1	-1
56	No		0		-1	-1
57	No		0		-1	-1
58	No		0		-1	-1
59	No		0		-1	-1
60	No		0		-1	-1
61	No		0		-1	-1
62	No		0		-1	-1
63	No		0		-1	-1

Page Tables:
P0 page table: [ -1 -1 -1 -1 -1 -1 -1 -1 -1 -1 -1 -1 -1 -1 -1 -1 ]
P1 page table: [ -1 -1 -1 -1 -1 -1 -1 -1 -1 -1 -1 -1 -1 -1 -1 -1 ]

Blocked Queue:
None


Current memory layout at time 34:500000000 is:
Frame	Occupied	DirtyBit	Process	Page
0	No		0		-1	-1
1	No		0		-1	-1
2	No		0		-1	-1
3	No		0		-1	-1
4	No		0		-1	-1
5	No		0		-1	-1
6	No		0		-1	-1
7	No		0		-1	-1
8	No		0		-1	-1
9	No		0		-1	-1
10	No		0		-1	-1
11	No		0		-1	-1
12	No		0		-1	-1
13	No		0		-1	-1
14	No		0		-1	-1
15	No		0		-1	-1
16	No		0		-1	-1
17	No		0		-1	-1
18	No		0		-1	-1
19	No		0		-1	-1
20	No		0		-1	-1
21	No		0		-1	-1
22	No		0		-1	-1
23	No		0		-1	-1
24	No		0		-1	-1
25	No		0		-1	-1
26	No		0		-1	-1
27	No		0		-1	-1
28	No		0		-1	-1
29	No		0		-1	-1
30	No		0		-1	-1
31	No		0		-1	-1
32	No		0		-1	-1
33	No		0		-1	-1
34	No		0		-1	-1
35	No		0		-1	-1
36	No		0		-1	-1
37	No		0		-1	-1
38	No		0		-1	-1
39	No		0		-1	-1
40	No		0		-1	-1
41	No		0		-1	-1
42	No		0		-1	-1
43	No		0		-1	-1
44	No		0		-1	-1
45	No		0		-1	-1
46	No		0		-1	-1
47	No		0		-1	-1
48	No		0		-1	-1
49	No		0		-1	-1
50	No		0		-1	-1
51	No		0		-1	-1
52	No		0		-1	-1
53	No		0		-1	-1
54	No		0		-1	-1
55	No		0		-1	-1
56	No		0		-1	-1
57	No		0		-1	-1
58	No		0		-1	-1
59	No		0		-1	-1
60	No		0		-1	-1
61	No		0		-1	-1
62	No		0		-1	-1
63	No		0		-1	-1

Page Tables:
P0 page table: [ -1 -1 -1 -1 -1 -1 -1 -1 -1 -1 -1 -1 -1 -1 -1 -1 ]
P1 page table: [ -1 -1 -1 -1 -1 -1 -1 -1 -1 -1 -1 -1 -1 -1 -1 -1 ]

Blocked Queue:
None


Current memory layout at time 35:0 is:
Frame	Occupied	DirtyBit	Process	Page
0	No		0		-1	-1
1	No		0		-1	-1
2	No		0		-1	-1
3	No		0		-1	-1
4	No		0		-1	-1
5	No		0		-1	-1
6	No		0		-1	-1
7	No		0		-1	-1
8	No		0		-1	-1
9	No		0		-1	-1
10	No		0		-1	-1
11	No		0		-1	-1
12	No		0		-1	-1
13	No		0		-1	-1
14	No		0		-1	-1
15	No		0		-1	-1
16	No		0		-1	-1
17	No		0		-1	-1
18	No		0		-1	-1
19	No		0		-1	-1
20	No		0		-1	-1
21	No		0		-1	-1
22	No		0		-1	-1
23	No		0		-1	-1
24	No		0		-1	-1
25	No		0		-1	-1
26	No		0		-1	-1
27	No		0		-1	-1
28	No		0		-1	-1
29	No		0		-1	-1
30	No		0		-1	-1
31	No		0		-1	-1
32	No		0		-1	-1
33	No		0		-1	-1
34	No		0		-1	-1
35	No		0		-1	-1
36	No		0		-1	-1
37	No		0		-1	-1
38	No		0		-1	-1
39	No		0		-1	-1
40	No		0		-1	-1
41	No		0		-1	-1
42	No		0		-1	-1
43	No		0		-1	-1
44	No		0		-1	-1
45	No		0		-1	-1
46	No		0		-1	-1
47	No		0		-1	-1
48	No		0		-1	-1
49	No		0		-1	-1
50	No		0		-1	-1
51	No		0		-1	-1
52	No		0		-1	-1
53	No		0		-1	-1
54	No		0		-1	-1
55	No		0		-1	-1
56	No		0		-1	-1
57	No		0		-1	-1
58	No		0		-1	-1
59	No		0		-1	-1
60	No		0		-1	-1
61	No		0		-1	-1
62	No		0		-1	-1
63	No		0		-1	-1

Page Tables:
P0 page table: [ -1 -1 -1 -1 -1 -1 -1 -1 -1 -1 -1 -1 -1 -1 -1 -1 ]
P1 page table: [ -1 -1 -1 -1 -1 -1 -1 -1 -1 -1 -1 -1 -1 -1 -1 -1 ]

Blocked Queue:
None


Current memory layout at time 35:500000000 is:
Frame	Occupied	DirtyBit	Process	Page
0	No		0		-1	-1
1	No		0		-1	-1
2	No		0		-1	-1
3	No		0		-1	-1
4	No		0		-1	-1
5	No		0		-1	-1
6	No		0		-1	-1
7	No		0		-1	-1
8	No		0		-1	-1
9	No		0		-1	-1
10	No		0		-1	-1
11	No		0		-1	-1
12	No		0		-1	-1
13	No		0		-1	-1
14	No		0		-1	-1
15	No		0		-1	-1
16	No		0		-1	-1
17	No		0		-1	-1
18	No		0		-1	-1
19	No		0		-1	-1
20	No		0		-1	-1
21	No		0		-1	-1
22	No		0		-1	-1
23	No		0		-1	-1
24	No		0		-1	-1
25	No		0		-1	-1
26	No		0		-1	-1
27	No		0		-1	-1
28	No		0		-1	-1
29	No		0		-1	-1
30	No		0		-1	-1
31	No		0		-1	-1
32	No		0		-1	-1
33	No		0		-1	-1
34	No		0		-1	-1
35	No		0		-1	-1
36	No		0		-1	-1
37	No		0		-1	-1
38	No		0		-1	-1
39	No		0		-1	-1
40	No		0		-1	-1
41	No		0		-1	-1
42	No		0		-1	-1
43	No		0		-1	-1
44	No		0		-1	-1
45	No		0		-1	-1
46	No		0		-1	-1
47	No		0		-1	-1
48	No		0		-1	-1
49	No		0		-1	-1
50	No		0		-1	-1
51	No		0		-1	-1
52	No		0		-1	-1
53	No		0		-1	-1
54	No		0		-1	-1
55	No		0		-1	-1
56	No		0		-1	-1
57	No		0		-1	-1
58	No		0		-1	-1
59	No		0		-1	-1
60	No		0		-1	-1
61	No		0		-1	-1
62	No		0		-1	-1
63	No		0		-1	-1

Page Tables:
P0 page table: [ -1 -1 -1 -1 -1 -1 -1 -1 -1 -1 -1 -1 -1 -1 -1 -1 ]
P1 page table: [ -1 -1 -1 -1 -1 -1 -1 -1 -1 -1 -1 -1 -1 -1 -1 -1 ]

Blocked Queue:
None


Current memory layout at time 36:0 is:
Frame	Occupied	DirtyBit	Process	Page
0	No		0		-1	-1
1	No		0		-1	-1
2	No		0		-1	-1
3	No		0		-1	-1
4	No		0		-1	-1
5	No		0		-1	-1
6	No		0		-1	-1
7	No		0		-1	-1
8	No		0		-1	-1
9	No		0		-1	-1
10	No		0		-1	-1
11	No		0		-1	-1
12	No		0		-1	-1
13	No		0		-1	-1
14	No		0		-1	-1
15	No		0		-1	-1
16	No		0		-1	-1
17	No		0		-1	-1
18	No		0		-1	-1
19	No		0		-1	-1
20	No		0		-1	-1
21	No		0		-1	-1
22	No		0		-1	-1
23	No		0		-1	-1
24	No		0		-1	-1
25	No		0		-1	-1
26	No		0		-1	-1
27	No		0		-1	-1
28	No		0		-1	-1
29	No		0		-1	-1
30	No		0		-1	-1
31	No		0		-1	-1
32	No		0		-1	-1
33	No		0		-1	-1
34	No		0		-1	-1
35	No		0		-1	-1
36	No		0		-1	-1
37	No		0		-1	-1
38	No		0		-1	-1
39	No		0		-1	-1
40	No		0		-1	-1
41	No		0		-1	-1
42	No		0		-1	-1
43	No		0		-1	-1
44	No		0		-1	-1
45	No		0		-1	-1
46	No		0		-1	-1
47	No		0		-1	-1
48	No		0		-1	-1
49	No		0		-1	-1
50	No		0		-1	-1
51	No		0		-1	-1
52	No		0		-1	-1
53	No		0		-1	-1
54	No		0		-1	-1
55	No		0		-1	-1
56	No		0		-1	-1
57	No		0		-1	-1
58	No		0		-1	-1
59	No		0		-1	-1
60	No		0		-1	-1
61	No		0		-1	-1
62	No		0		-1	-1
63	No		0		-1	-1

Page Tables:
P0 page table: [ -1 -1 -1 -1 -1 -1 -1 -1 -1 -1 -1 -1 -1 -1 -1 -1 ]
P1 page table: [ -1 -1 -1 -1 -1 -1 -1 -1 -1 -1 -1 -1 -1 -1 -1 -1 ]

Blocked Queue:
None


Current memory layout at time 36:500000000 is:
Frame	Occupied	DirtyBit	Process	Page
0	No		0		-1	-1
1	No		0		-1	-1
2	No		0		-1	-1
3	No		0		-1	-1
4	No		0		-1	-1
5	No		0		-1	-1
6	No		0		-1	-1
7	No		0		-1	-1
8	No		0		-1	-1
9	No		0		-1	-1
10	No		0		-1	-1
11	No		0		-1	-1
12	No		0		-1	-1
13	No		0		-1	-1
14	No		0		-1	-1
15	No		0		-1	-1
16	No		0		-1	-1
17	No		0		-1	-1
18	No		0		-1	-1
19	No		0		-1	-1
20	No		0		-1	-1
21	No		0		-1	-1
22	No		0		-1	-1
23	No		0		-1	-1
24	No		0		-1	-1
25	No		0		-1	-1
26	No		0		-1	-1
27	No		0		-1	-1
28	No		0		-1	-1
29	No		0		-1	-1
30	No		0		-1	-1
31	No		0		-1	-1
32	No		0		-1	-1
33	No		0		-1	-1
34	No		0		-1	-1
35	No		0		-1	-1
36	No		0		-1	-1
37	No		0		-1	-1
38	No		0		-1	-1
39	No		0		-1	-1
40	No		0		-1	-1
41	No		0		-1	-1
42	No		0		-1	-1
43	No		0		-1	-1
44	No		0		-1	-1
45	No		0		-1	-1
46	No		0		-1	-1
47	No		0		-1	-1
48	No		0		-1	-1
49	No		0		-1	-1
50	No		0		-1	-1
51	No		0		-1	-1
52	No		0		-1	-1
53	No		0		-1	-1
54	No		0		-1	-1
55	No		0		-1	-1
56	No		0		-1	-1
57	No		0		-1	-1
58	No		0		-1	-1
59	No		0		-1	-1
60	No		0		-1	-1
61	No		0		-1	-1
62	No		0		-1	-1
63	No		0		-1	-1

Page Tables:
P0 page table: [ -1 -1 -1 -1 -1 -1 -1 -1 -1 -1 -1 -1 -1 -1 -1 -1 ]
P1 page table: [ -1 -1 -1 -1 -1 -1 -1 -1 -1 -1 -1 -1 -1 -1 -1 -1 ]

Blocked Queue:
None


Current memory layout at time 37:0 is:
Frame	Occupied	DirtyBit	Process	Page
0	No		0		-1	-1
1	No		0		-1	-1
2	No		0		-1	-1
3	No		0		-1	-1
4	No		0		-1	-1
5	No		0		-1	-1
6	No		0		-1	-1
7	No		0		-1	-1
8	No		0		-1	-1
9	No		0		-1	-1
10	No		0		-1	-1
11	No		0		-1	-1
12	No		0		-1	-1
13	No		0		-1	-1
14	No		0		-1	-1
15	No		0		-1	-1
16	No		0		-1	-1
17	No		0		-1	-1
18	No		0		-1	-1
19	No		0		-1	-1
20	No		0		-1	-1
21	No		0		-1	-1
22	No		0		-1	-1
23	No		0		-1	-1
24	No		0		-1	-1
25	No		0		-1	-1
26	No		0		-1	-1
27	No		0		-1	-1
28	No		0		-1	-1
29	No		0		-1	-1
30	No		0		-1	-1
31	No		0		-1	-1
32	No		0		-1	-1
33	No		0		-1	-1
34	No		0		-1	-1
35	No		0		-1	-1
36	No		0		-1	-1
37	No		0		-1	-1
38	No		0		-1	-1
39	No		0		-1	-1
40	No		0		-1	-1
41	No		0		-1	-1
42	No		0		-1	-1
43	No		0		-1	-1
44	No		0		-1	-1
45	No		0		-1	-1
46	No		0		-1	-1
47	No		0		-1	-1
48	No		0		-1	-1
49	No		0		-1	-1
50	No		0		-1	-1
51	No		0		-1	-1
52	No		0		-1	-1
53	No		0		-1	-1
54	No		0		-1	-1
55	No		0		-1	-1
56	No		0		-1	-1
57	No		0		-1	-1
58	No		0		-1	-1
59	No		0		-1	-1
60	No		0		-1	-1
61	No		0		-1	-1
62	No		0		-1	-1
63	No		0		-1	-1

Page Tables:
P0 page table: [ -1 -1 -1 -1 -1 -1 -1 -1 -1 -1 -1 -1 -1 -1 -1 -1 ]
P1 page table: [ -1 -1 -1 -1 -1 -1 -1 -1 -1 -1 -1 -1 -1 -1 -1 -1 ]

Blocked Queue:
None


Current memory layout at time 37:500000000 is:
Frame	Occupied	DirtyBit	Process	Page
0	No		0		-1	-1
1	No		0		-1	-1
2	No		0		-1	-1
3	No		0		-1	-1
4	No		0		-1	-1
5	No		0		-1	-1
6	No		0		-1	-1
7	No		0		-1	-1
8	No		0		-1	-1
9	No		0		-1	-1
10	No		0		-1	-1
11	No		0		-1	-1
12	No		0		-1	-1
13	No		0		-1	-1
14	No		0		-1	-1
15	No		0		-1	-1
16	No		0		-1	-1
17	No		0		-1	-1
18	No		0		-1	-1
19	No		0		-1	-1
20	No		0		-1	-1
21	No		0		-1	-1
22	No		0		-1	-1
23	No		0		-1	-1
24	No		0		-1	-1
25	No		0		-1	-1
26	No		0		-1	-1
27	No		0		-1	-1
28	No		0		-1	-1
29	No		0		-1	-1
30	No		0		-1	-1
31	No		0		-1	-1
32	No		0		-1	-1
33	No		0		-1	-1
34	No		0		-1	-1
35	No		0		-1	-1
36	No		0		-1	-1
37	No		0		-1	-1
38	No		0		-1	-1
39	No		0		-1	-1
40	No		0		-1	-1
41	No		0		-1	-1
42	No		0		-1	-1
43	No		0		-1	-1
44	No		0		-1	-1
45	No		0		-1	-1
46	No		0		-1	-1
47	No		0		-1	-1
48	No		0		-1	-1
49	No		0		-1	-1
50	No		0		-1	-1
51	No		0		-1	-1
52	No		0		-1	-1
53	No		0		-1	-1
54	No		0		-1	-1
55	No		0		-1	-1
56	No		0		-1	-1
57	No		0		-1	-1
58	No		0		-1	-1
59	No		0		-1	-1
60	No		0		-1	-1
61	No		0		-1	-1
62	No		0		-1	-1
63	No		0		-1	-1

Page Tables:
P0 page table: [ -1 -1 -1 -1 -1 -1 -1 -1 -1 -1 -1 -1 -1 -1 -1 -1 ]
P1 page table: [ -1 -1 -1 -1 -1 -1 -1 -1 -1 -1 -1 -1 -1 -1 -1 -1 ]

Blocked Queue:
None


Current memory layout at time 38:0 is:
Frame	Occupied	DirtyBit	Process	Page
0	No		0		-1	-1
1	No		0		-1	-1
2	No		0		-1	-1
3	No		0		-1	-1
4	No		0		-1	-1
5	No		0		-1	-1
6	No		0		-1	-1
7	No		0		-1	-1
8	No		0		-1	-1
9	No		0		-1	-1
10	No		0		-1	-1
11	No		0		-1	-1
12	No		0		-1	-1
13	No		0		-1	-1
14	No		0		-1	-1
15	No		0		-1	-1
16	No		0		-1	-1
17	No		0		-1	-1
18	No		0		-1	-1
19	No		0		-1	-1
20	No		0		-1	-1
21	No		0		-1	-1
22	No		0		-1	-1
23	No		0		-1	-1
24	No		0		-1	-1
25	No		0		-1	-1
26	No		0		-1	-1
27	No		0		-1	-1
28	No		0		-1	-1
29	No		0		-1	-1
30	No		0		-1	-1
31	No		0		-1	-1
32	No		0		-1	-1
33	No		0		-1	-1
34	No		0		-1	-1
35	No		0		-1	-1
36	No		0		-1	-1
37	No		0		-1	-1
38	No		0		-1	-1
39	No		0		-1	-1
40	No		0		-1	-1
41	No		0		-1	-1
42	No		0		-1	-1
43	No		0		-1	-1
44	No		0		-1	-1
45	No		0		-1	-1
46	No		0		-1	-1
47	No		0		-1	-1
48	No		0		-1	-1
49	No		0		-1	-1
50	No		0		-1	-1
51	No		0		-1	-1
52	No		0		-1	-1
53	No		0		-1	-1
54	No		0		-1	-1
55	No		0		-1	-1
56	No		0		-1	-1
57	No		0		-1	-1
58	No		0		-1	-1
59	No		0		-1	-1
60	No		0		-1	-1
61	No		0		-1	-1
62	No		0		-1	-1
63	No		0		-1	-1

Page Tables:
P0 page table: [ -1 -1 -1 -1 -1 -1 -1 -1 -1 -1 -1 -1 -1 -1 -1 -1 ]
P1 page table: [ -1 -1 -1 -1 -1 -1 -1 -1 -1 -1 -1 -1 -1 -1 -1 -1 ]

Blocked Queue:
None


Current memory layout at time 38:500000000 is:
Frame	Occupied	DirtyBit	Process	Page
0	No		0		-1	-1
1	No		0		-1	-1
2	No		0		-1	-1
3	No		0		-1	-1
4	No		0		-1	-1
5	No		0		-1	-1
6	No		0		-1	-1
7	No		0		-1	-1
8	No		0		-1	-1
9	No		0		-1	-1
10	No		0		-1	-1
11	No		0		-1	-1
12	No		0		-1	-1
13	No		0		-1	-1
14	No		0		-1	-1
15	No		0		-1	-1
16	No		0		-1	-1
17	No		0		-1	-1
18	No		0		-1	-1
19	No		0		-1	-1
20	No		0		-1	-1
21	No		0		-1	-1
22	No		0		-1	-1
23	No		0		-1	-1
24	No		0		-1	-1
25	No		0		-1	-1
26	No		0		-1	-1
27	No		0		-1	-1
28	No		0		-1	-1
29	No		0		-1	-1
30	No		0		-1	-1
31	No		0		-1	-1
32	No		0		-1	-1
33	No		0		-1	-1
34	No		0		-1	-1
35	No		0		-1	-1
36	No		0		-1	-1
37	No		0		-1	-1
38	No		0		-1	-1
39	No		0		-1	-1
40	No		0		-1	-1
41	No		0		-1	-1
42	No		0		-1	-1
43	No		0		-1	-1
44	No		0		-1	-1
45	No		0		-1	-1
46	No		0		-1	-1
47	No		0		-1	-1
48	No		0		-1	-1
49	No		0		-1	-1
50	No		0		-1	-1
51	No		0		-1	-1
52	No		0		-1	-1
53	No		0		-1	-1
54	No		0		-1	-1
55	No		0		-1	-1
56	No		0		-1	-1
57	No		0		-1	-1
58	No		0		-1	-1
59	No		0		-1	-1
60	No		0		-1	-1
61	No		0		-1	-1
62	No		0		-1	-1
63	No		0		-1	-1

Page Tables:
P0 page table: [ -1 -1 -1 -1 -1 -1 -1 -1 -1 -1 -1 -1 -1 -1 -1 -1 ]
P1 page table: [ -1 -1 -1 -1 -1 -1 -1 -1 -1 -1 -1 -1 -1 -1 -1 -1 ]

Blocked Queue:
None


Current memory layout at time 39:0 is:
Frame	Occupied	DirtyBit	Process	Page
0	No		0		-1	-1
1	No		0		-1	-1
2	No		0		-1	-1
3	No		0		-1	-1
4	No		0		-1	-1
5	No		0		-1	-1
6	No		0		-1	-1
7	No		0		-1	-1
8	No		0		-1	-1
9	No		0		-1	-1
10	No		0		-1	-1
11	No		0		-1	-1
12	No		0		-1	-1
13	No		0		-1	-1
14	No		0		-1	-1
15	No		0		-1	-1
16	No		0		-1	-1
17	No		0		-1	-1
18	No		0		-1	-1
19	No		0		-1	-1
20	No		0		-1	-1
21	No		0		-1	-1
22	No		0		-1	-1
23	No		0		-1	-1
24	No		0		-1	-1
25	No		0		-1	-1
26	No		0		-1	-1
27	No		0		-1	-1
28	No		0		-1	-1
29	No		0		-1	-1
30	No		0		-1	-1
31	No		0		-1	-1
32	No		0		-1	-1
33	No		0		-1	-1
34	No		0		-1	-1
35	No		0		-1	-1
36	No		0		-1	-1
37	No		0		-1	-1
38	No		0		-1	-1
39	No		0		-1	-1
40	No		0		-1	-1
41	No		0		-1	-1
42	No		0		-1	-1
43	No		0		-1	-1
44	No		0		-1	-1
45	No		0		-1	-1
46	No		0		-1	-1
47	No		0		-1	-1
48	No		0		-1	-1
49	No		0		-1	-1
50	No		0		-1	-1
51	No		0		-1	-1
52	No		0		-1	-1
53	No		0		-1	-1
54	No		0		-1	-1
55	No		0		-1	-1
56	No		0		-1	-1
57	No		0		-1	-1
58	No		0		-1	-1
59	No		0		-1	-1
60	No		0		-1	-1
61	No		0		-1	-1
62	No		0		-1	-1
63	No		0		-1	-1

Page Tables:
P0 page table: [ -1 -1 -1 -1 -1 -1 -1 -1 -1 -1 -1 -1 -1 -1 -1 -1 ]
P1 page table: [ -1 -1 -1 -1 -1 -1 -1 -1 -1 -1 -1 -1 -1 -1 -1 -1 ]

Blocked Queue:
None


Current memory layout at time 39:500000000 is:
Frame	Occupied	DirtyBit	Process	Page
0	No		0		-1	-1
1	No		0		-1	-1
2	No		0		-1	-1
3	No		0		-1	-1
4	No		0		-1	-1
5	No		0		-1	-1
6	No		0		-1	-1
7	No		0		-1	-1
8	No		0		-1	-1
9	No		0		-1	-1
10	No		0		-1	-1
11	No		0		-1	-1
12	No		0		-1	-1
13	No		0		-1	-1
14	No		0		-1	-1
15	No		0		-1	-1
16	No		0		-1	-1
17	No		0		-1	-1
18	No		0		-1	-1
19	No		0		-1	-1
20	No		0		-1	-1
21	No		0		-1	-1
22	No		0		-1	-1
23	No		0		-1	-1
24	No		0		-1	-1
25	No		0		-1	-1
26	No		0		-1	-1
27	No		0		-1	-1
28	No		0		-1	-1
29	No		0		-1	-1
30	No		0		-1	-1
31	No		0		-1	-1
32	No		0		-1	-1
33	No		0		-1	-1
34	No		0		-1	-1
35	No		0		-1	-1
36	No		0		-1	-1
37	No		0		-1	-1
38	No		0		-1	-1
39	No		0		-1	-1
40	No		0		-1	-1
41	No		0		-1	-1
42	No		0		-1	-1
43	No		0		-1	-1
44	No		0		-1	-1
45	No		0		-1	-1
46	No		0		-1	-1
47	No		0		-1	-1
48	No		0		-1	-1
49	No		0		-1	-1
50	No		0		-1	-1
51	No		0		-1	-1
52	No		0		-1	-1
53	No		0		-1	-1
54	No		0		-1	-1
55	No		0		-1	-1
56	No		0		-1	-1
57	No		0		-1	-1
58	No		0		-1	-1
59	No		0		-1	-1
60	No		0		-1	-1
61	No		0		-1	-1
62	No		0		-1	-1
63	No		0		-1	-1

Page Tables:
P0 page table: [ -1 -1 -1 -1 -1 -1 -1 -1 -1 -1 -1 -1 -1 -1 -1 -1 ]
P1 page table: [ -1 -1 -1 -1 -1 -1 -1 -1 -1 -1 -1 -1 -1 -1 -1 -1 ]

Blocked Queue:
None


Current memory layout at time 40:0 is:
Frame	Occupied	DirtyBit	Process	Page
0	No		0		-1	-1
1	No		0		-1	-1
2	No		0		-1	-1
3	No		0		-1	-1
4	No		0		-1	-1
5	No		0		-1	-1
6	No		0		-1	-1
7	No		0		-1	-1
8	No		0		-1	-1
9	No		0		-1	-1
10	No		0		-1	-1
11	No		0		-1	-1
12	No		0		-1	-1
13	No		0		-1	-1
14	No		0		-1	-1
15	No		0		-1	-1
16	No		0		-1	-1
17	No		0		-1	-1
18	No		0		-1	-1
19	No		0		-1	-1
20	No		0		-1	-1
21	No		0		-1	-1
22	No		0		-1	-1
23	No		0		-1	-1
24	No		0		-1	-1
25	No		0		-1	-1
26	No		0		-1	-1
27	No		0		-1	-1
28	No		0		-1	-1
29	No		0		-1	-1
30	No		0		-1	-1
31	No		0		-1	-1
32	No		0		-1	-1
33	No		0		-1	-1
34	No		0		-1	-1
35	No		0		-1	-1
36	No		0		-1	-1
37	No		0		-1	-1
38	No		0		-1	-1
39	No		0		-1	-1
40	No		0		-1	-1
41	No		0		-1	-1
42	No		0		-1	-1
43	No		0		-1	-1
44	No		0		-1	-1
45	No		0		-1	-1
46	No		0		-1	-1
47	No		0		-1	-1
48	No		0		-1	-1
49	No		0		-1	-1
50	No		0		-1	-1
51	No		0		-1	-1
52	No		0		-1	-1
53	No		0		-1	-1
54	No		0		-1	-1
55	No		0		-1	-1
56	No		0		-1	-1
57	No		0		-1	-1
58	No		0		-1	-1
59	No		0		-1	-1
60	No		0		-1	-1
61	No		0		-1	-1
62	No		0		-1	-1
63	No		0		-1	-1

Page Tables:
P0 page table: [ -1 -1 -1 -1 -1 -1 -1 -1 -1 -1 -1 -1 -1 -1 -1 -1 ]
P1 page table: [ -1 -1 -1 -1 -1 -1 -1 -1 -1 -1 -1 -1 -1 -1 -1 -1 ]

Blocked Queue:
None


Current memory layout at time 40:500000000 is:
Frame	Occupied	DirtyBit	Process	Page
0	No		0		-1	-1
1	No		0		-1	-1
2	No		0		-1	-1
3	No		0		-1	-1
4	No		0		-1	-1
5	No		0		-1	-1
6	No		0		-1	-1
7	No		0		-1	-1
8	No		0		-1	-1
9	No		0		-1	-1
10	No		0		-1	-1
11	No		0		-1	-1
12	No		0		-1	-1
13	No		0		-1	-1
14	No		0		-1	-1
15	No		0		-1	-1
16	No		0		-1	-1
17	No		0		-1	-1
18	No		0		-1	-1
19	No		0		-1	-1
20	No		0		-1	-1
21	No		0		-1	-1
22	No		0		-1	-1
23	No		0		-1	-1
24	No		0		-1	-1
25	No		0		-1	-1
26	No		0		-1	-1
27	No		0		-1	-1
28	No		0		-1	-1
29	No		0		-1	-1
30	No		0		-1	-1
31	No		0		-1	-1
32	No		0		-1	-1
33	No		0		-1	-1
34	No		0		-1	-1
35	No		0		-1	-1
36	No		0		-1	-1
37	No		0		-1	-1
38	No		0		-1	-1
39	No		0		-1	-1
40	No		0		-1	-1
41	No		0		-1	-1
42	No		0		-1	-1
43	No		0		-1	-1
44	No		0		-1	-1
45	No		0		-1	-1
46	No		0		-1	-1
47	No		0		-1	-1
48	No		0		-1	-1
49	No		0		-1	-1
50	No		0		-1	-1
51	No		0		-1	-1
52	No		0		-1	-1
53	No		0		-1	-1
54	No		0		-1	-1
55	No		0		-1	-1
56	No		0		-1	-1
57	No		0		-1	-1
58	No		0		-1	-1
59	No		0		-1	-1
60	No		0		-1	-1
61	No		0		-1	-1
62	No		0		-1	-1
63	No		0		-1	-1

Page Tables:
P0 page table: [ -1 -1 -1 -1 -1 -1 -1 -1 -1 -1 -1 -1 -1 -1 -1 -1 ]
P1 page table: [ -1 -1 -1 -1 -1 -1 -1 -1 -1 -1 -1 -1 -1 -1 -1 -1 ]

Blocked Queue:
None


Current memory layout at time 41:0 is:
Frame	Occupied	DirtyBit	Process	Page
0	No		0		-1	-1
1	No		0		-1	-1
2	No		0		-1	-1
3	No		0		-1	-1
4	No		0		-1	-1
5	No		0		-1	-1
6	No		0		-1	-1
7	No		0		-1	-1
8	No		0		-1	-1
9	No		0		-1	-1
10	No		0		-1	-1
11	No		0		-1	-1
12	No		0		-1	-1
13	No		0		-1	-1
14	No		0		-1	-1
15	No		0		-1	-1
16	No		0		-1	-1
17	No		0		-1	-1
18	No		0		-1	-1
19	No		0		-1	-1
20	No		0		-1	-1
21	No		0		-1	-1
22	No		0		-1	-1
23	No		0		-1	-1
24	No		0		-1	-1
25	No		0		-1	-1
26	No		0		-1	-1
27	No		0		-1	-1
28	No		0		-1	-1
29	No		0		-1	-1
30	No		0		-1	-1
31	No		0		-1	-1
32	No		0		-1	-1
33	No		0		-1	-1
34	No		0		-1	-1
35	No		0		-1	-1
36	No		0		-1	-1
37	No		0		-1	-1
38	No		0		-1	-1
39	No		0		-1	-1
40	No		0		-1	-1
41	No		0		-1	-1
42	No		0		-1	-1
43	No		0		-1	-1
44	No		0		-1	-1
45	No		0		-1	-1
46	No		0		-1	-1
47	No		0		-1	-1
48	No		0		-1	-1
49	No		0		-1	-1
50	No		0		-1	-1
51	No		0		-1	-1
52	No		0		-1	-1
53	No		0		-1	-1
54	No		0		-1	-1
55	No		0		-1	-1
56	No		0		-1	-1
57	No		0		-1	-1
58	No		0		-1	-1
59	No		0		-1	-1
60	No		0		-1	-1
61	No		0		-1	-1
62	No		0		-1	-1
63	No		0		-1	-1

Page Tables:
P0 page table: [ -1 -1 -1 -1 -1 -1 -1 -1 -1 -1 -1 -1 -1 -1 -1 -1 ]
P1 page table: [ -1 -1 -1 -1 -1 -1 -1 -1 -1 -1 -1 -1 -1 -1 -1 -1 ]

Blocked Queue:
None


Current memory layout at time 41:500000000 is:
Frame	Occupied	DirtyBit	Process	Page
0	No		0		-1	-1
1	No		0		-1	-1
2	No		0		-1	-1
3	No		0		-1	-1
4	No		0		-1	-1
5	No		0		-1	-1
6	No		0		-1	-1
7	No		0		-1	-1
8	No		0		-1	-1
9	No		0		-1	-1
10	No		0		-1	-1
11	No		0		-1	-1
12	No		0		-1	-1
13	No		0		-1	-1
14	No		0		-1	-1
15	No		0		-1	-1
16	No		0		-1	-1
17	No		0		-1	-1
18	No		0		-1	-1
19	No		0		-1	-1
20	No		0		-1	-1
21	No		0		-1	-1
22	No		0		-1	-1
23	No		0		-1	-1
24	No		0		-1	-1
25	No		0		-1	-1
26	No		0		-1	-1
27	No		0		-1	-1
28	No		0		-1	-1
29	No		0		-1	-1
30	No		0		-1	-1
31	No		0		-1	-1
32	No		0		-1	-1
33	No		0		-1	-1
34	No		0		-1	-1
35	No		0		-1	-1
36	No		0		-1	-1
37	No		0		-1	-1
38	No		0		-1	-1
39	No		0		-1	-1
40	No		0		-1	-1
41	No		0		-1	-1
42	No		0		-1	-1
43	No		0		-1	-1
44	No		0		-1	-1
45	No		0		-1	-1
46	No		0		-1	-1
47	No		0		-1	-1
48	No		0		-1	-1
49	No		0		-1	-1
50	No		0		-1	-1
51	No		0		-1	-1
52	No		0		-1	-1
53	No		0		-1	-1
54	No		0		-1	-1
55	No		0		-1	-1
56	No		0		-1	-1
57	No		0		-1	-1
58	No		0		-1	-1
59	No		0		-1	-1
60	No		0		-1	-1
61	No		0		-1	-1
62	No		0		-1	-1
63	No		0		-1	-1

Page Tables:
P0 page table: [ -1 -1 -1 -1 -1 -1 -1 -1 -1 -1 -1 -1 -1 -1 -1 -1 ]
P1 page table: [ -1 -1 -1 -1 -1 -1 -1 -1 -1 -1 -1 -1 -1 -1 -1 -1 ]

Blocked Queue:
None


Current memory layout at time 42:0 is:
Frame	Occupied	DirtyBit	Process	Page
0	No		0		-1	-1
1	No		0		-1	-1
2	No		0		-1	-1
3	No		0		-1	-1
4	No		0		-1	-1
5	No		0		-1	-1
6	No		0		-1	-1
7	No		0		-1	-1
8	No		0		-1	-1
9	No		0		-1	-1
10	No		0		-1	-1
11	No		0		-1	-1
12	No		0		-1	-1
13	No		0		-1	-1
14	No		0		-1	-1
15	No		0		-1	-1
16	No		0		-1	-1
17	No		0		-1	-1
18	No		0		-1	-1
19	No		0		-1	-1
20	No		0		-1	-1
21	No		0		-1	-1
22	No		0		-1	-1
23	No		0		-1	-1
24	No		0		-1	-1
25	No		0		-1	-1
26	No		0		-1	-1
27	No		0		-1	-1
28	No		0		-1	-1
29	No		0		-1	-1
30	No		0		-1	-1
31	No		0		-1	-1
32	No		0		-1	-1
33	No		0		-1	-1
34	No		0		-1	-1
35	No		0		-1	-1
36	No		0		-1	-1
37	No		0		-1	-1
38	No		0		-1	-1
39	No		0		-1	-1
40	No		0		-1	-1
41	No		0		-1	-1
42	No		0		-1	-1
43	No		0		-1	-1
44	No		0		-1	-1
45	No		0		-1	-1
46	No		0		-1	-1
47	No		0		-1	-1
48	No		0		-1	-1
49	No		0		-1	-1
50	No		0		-1	-1
51	No		0		-1	-1
52	No		0		-1	-1
53	No		0		-1	-1
54	No		0		-1	-1
55	No		0		-1	-1
56	No		0		-1	-1
57	No		0		-1	-1
58	No		0		-1	-1
59	No		0		-1	-1
60	No		0		-1	-1
61	No		0		-1	-1
62	No		0		-1	-1
63	No		0		-1	-1

Page Tables:
P0 page table: [ -1 -1 -1 -1 -1 -1 -1 -1 -1 -1 -1 -1 -1 -1 -1 -1 ]
P1 page table: [ -1 -1 -1 -1 -1 -1 -1 -1 -1 -1 -1 -1 -1 -1 -1 -1 ]

Blocked Queue:
None


Current memory layout at time 42:500000000 is:
Frame	Occupied	DirtyBit	Process	Page
0	No		0		-1	-1
1	No		0		-1	-1
2	No		0		-1	-1
3	No		0		-1	-1
4	No		0		-1	-1
5	No		0		-1	-1
6	No		0		-1	-1
7	No		0		-1	-1
8	No		0		-1	-1
9	No		0		-1	-1
10	No		0		-1	-1
11	No		0		-1	-1
12	No		0		-1	-1
13	No		0		-1	-1
14	No		0		-1	-1
15	No		0		-1	-1
16	No		0		-1	-1
17	No		0		-1	-1
18	No		0		-1	-1
19	No		0		-1	-1
20	No		0		-1	-1
21	No		0		-1	-1
22	No		0		-1	-1
23	No		0		-1	-1
24	No		0		-1	-1
25	No		0		-1	-1
26	No		0		-1	-1
27	No		0		-1	-1
28	No		0		-1	-1
29	No		0		-1	-1
30	No		0		-1	-1
31	No		0		-1	-1
32	No		0		-1	-1
33	No		0		-1	-1
34	No		0		-1	-1
35	No		0		-1	-1
36	No		0		-1	-1
37	No		0		-1	-1
38	No		0		-1	-1
39	No		0		-1	-1
40	No		0		-1	-1
41	No		0		-1	-1
42	No		0		-1	-1
43	No		0		-1	-1
44	No		0		-1	-1
45	No		0		-1	-1
46	No		0		-1	-1
47	No		0		-1	-1
48	No		0		-1	-1
49	No		0		-1	-1
50	No		0		-1	-1
51	No		0		-1	-1
52	No		0		-1	-1
53	No		0		-1	-1
54	No		0		-1	-1
55	No		0		-1	-1
56	No		0		-1	-1
57	No		0		-1	-1
58	No		0		-1	-1
59	No		0		-1	-1
60	No		0		-1	-1
61	No		0		-1	-1
62	No		0		-1	-1
63	No		0		-1	-1

Page Tables:
P0 page table: [ -1 -1 -1 -1 -1 -1 -1 -1 -1 -1 -1 -1 -1 -1 -1 -1 ]
P1 page table: [ -1 -1 -1 -1 -1 -1 -1 -1 -1 -1 -1 -1 -1 -1 -1 -1 ]

Blocked Queue:
None

oss: P0 requesting read of address 5090 page 4 offset 994 at time 42:510000000
oss: Address 5090 is not in a frame. Page fault.
oss: P0 blocked for disk I/O until 42:524000000
oss: P1 requesting read of address 5308 page 5 offset 188 at time 42:510000000
oss: Address 5308 is not in a frame. Page fault.
oss: P1 blocked for disk I/O until 42:524000000
oss: All active processes are blocked. Advancing clock to 42:524000000
oss: Swapping in P0 page 4 into frame 0
oss: Page fault completed for P0. Address 5090 is now in frame 0.
oss: Swapping in P1 page 5 into frame 1
oss: Page fault completed for P1. Address 5308 is now in frame 1.

Current memory layout at time 43:4000000 is:
Frame	Occupied	DirtyBit	Process	Page
0	Yes		0		0	4
1	Yes		0		1	5
2	No		0		-1	-1
3	No		0		-1	-1
4	No		0		-1	-1
5	No		0		-1	-1
6	No		0		-1	-1
7	No		0		-1	-1
8	No		0		-1	-1
9	No		0		-1	-1
10	No		0		-1	-1
11	No		0		-1	-1
12	No		0		-1	-1
13	No		0		-1	-1
14	No		0		-1	-1
15	No		0		-1	-1
16	No		0		-1	-1
17	No		0		-1	-1
18	No		0		-1	-1
19	No		0		-1	-1
20	No		0		-1	-1
21	No		0		-1	-1
22	No		0		-1	-1
23	No		0		-1	-1
24	No		0		-1	-1
25	No		0		-1	-1
26	No		0		-1	-1
27	No		0		-1	-1
28	No		0		-1	-1
29	No		0		-1	-1
30	No		0		-1	-1
31	No		0		-1	-1
32	No		0		-1	-1
33	No		0		-1	-1
34	No		0		-1	-1
35	No		0		-1	-1
36	No		0		-1	-1
37	No		0		-1	-1
38	No		0		-1	-1
39	No		0		-1	-1
40	No		0		-1	-1
41	No		0		-1	-1
42	No		0		-1	-1
43	No		0		-1	-1
44	No		0		-1	-1
45	No		0		-1	-1
46	No		0		-1	-1
47	No		0		-1	-1
48	No		0		-1	-1
49	No		0		-1	-1
50	No		0		-1	-1
51	No		0		-1	-1
52	No		0		-1	-1
53	No		0		-1	-1
54	No		0		-1	-1
55	No		0		-1	-1
56	No		0		-1	-1
57	No		0		-1	-1
58	No		0		-1	-1
59	No		0		-1	-1
60	No		0		-1	-1
61	No		0		-1	-1
62	No		0		-1	-1
63	No		0		-1	-1

Page Tables:
P0 page table: [ -1 -1 -1 -1 0 -1 -1 -1 -1 -1 -1 -1 -1 -1 -1 -1 ]
P1 page table: [ -1 -1 -1 -1 -1 1 -1 -1 -1 -1 -1 -1 -1 -1 -1 -1 ]

Blocked Queue:
None

oss: P1 requesting write of address 1867 page 1 offset 843 at time 43:14000000
oss: Address 1867 is not in a frame. Page fault.
oss: P1 blocked for disk I/O until 43:28000000
oss: P0 requesting read of address 15491 page 15 offset 131 at time 43:14000000
oss: Address 15491 is not in a frame. Page fault.
oss: P0 blocked for disk I/O until 43:28000000
oss: All active processes are blocked. Advancing clock to 43:28000000
oss: Swapping in P1 page 1 into frame 2
oss: Page fault completed for P1. Address 1867 is now in frame 2.
oss: Swapping in P0 page 15 into frame 3
oss: Page fault completed for P0. Address 15491 is now in frame 3.
oss: P1 requesting read of address 726 page 0 offset 726 at time 43:438000000
oss: Address 726 is not in a frame. Page fault.
oss: P1 blocked for disk I/O until 43:452000000
oss: P0 requesting write of address 1939 page 1 offset 915 at time 43:438000000
oss: Address 1939 is not in a frame. Page fault.
oss: P0 blocked for disk I/O until 43:452000000
oss: All active processes are blocked. Advancing clock to 43:452000000
oss: Swapping in P1 page 0 into frame 4
oss: Page fault completed for P1. Address 726 is now in frame 4.
oss: Swapping in P0 page 1 into frame 5
oss: Page fault completed for P0. Address 1939 is now in frame 5.

Current memory layout at time 43:512000000 is:
Frame	Occupied	DirtyBit	Process	Page
0	Yes		0		0	4
1	Yes		0		1	5
2	Yes		1		1	1
3	Yes		0		0	15
4	Yes		0		1	0
5	Yes		1		0	1
6	No		0		-1	-1
7	No		0		-1	-1
8	No		0		-1	-1
9	No		0		-1	-1
10	No		0		-1	-1
11	No		0		-1	-1
12	No		0		-1	-1
13	No		0		-1	-1
14	No		0		-1	-1
15	No		0		-1	-1
16	No		0		-1	-1
17	No		0		-1	-1
18	No		0		-1	-1
19	No		0		-1	-1
20	No		0		-1	-1
21	No		0		-1	-1
22	No		0		-1	-1
23	No		0		-1	-1
24	No		0		-1	-1
25	No		0		-1	-1
26	No		0		-1	-1
27	No		0		-1	-1
28	No		0		-1	-1
29	No		0		-1	-1
30	No		0		-1	-1
31	No		0		-1	-1
32	No		0		-1	-1
33	No		0		-1	-1
34	No		0		-1	-1
35	No		0		-1	-1
36	No		0		-1	-1
37	No		0		-1	-1
38	No		0		-1	-1
39	No		0		-1	-1
40	No		0		-1	-1
41	No		0		-1	-1
42	No		0		-1	-1
43	No		0		-1	-1
44	No		0		-1	-1
45	No		0		-1	-1
46	No		0		-1	-1
47	No		0		-1	-1
48	No		0		-1	-1
49	No		0		-1	-1
50	No		0		-1	-1
51	No		0		-1	-1
52	No		0		-1	-1
53	No		0		-1	-1
54	No		0		-1	-1
55	No		0		-1	-1
56	No		0		-1	-1
57	No		0		-1	-1
58	No		0		-1	-1
59	No		0		-1	-1
60	No		0		-1	-1
61	No		0		-1	-1
62	No		0		-1	-1
63	No		0		-1	-1

Page Tables:
P0 page table: [ -1 5 -1 -1 0 -1 -1 -1 -1 -1 -1 -1 -1 -1 -1 3 ]
P1 page table: [ 4 2 -1 -1 -1 1 -1 -1 -1 -1 -1 -1 -1 -1 -1 -1 ]

Blocked Queue:
None

oss: P0 requesting write of address 9226 page 9 offset 10 at time 43:522000000
oss: Address 9226 is not in a frame. Page fault.
oss: P0 blocked for disk I/O until 43:536000000
oss: P1 terminating at time 43:522000000
oss: P1 memory references: 3, page faults: 3
oss: P1 effective memory access time: 14507333333.333334 nanoseconds
oss: All active processes are blocked. Advancing clock to 43:536000000
oss: Swapping in P0 page 9 into frame 1
oss: Page fault completed for P0. Address 9226 is now in frame 1.
oss: Launched P2 with PID 39859 at time 43:546000000
oss: P0 requesting read of address 1066 page 1 offset 42 at time 43:546000000
oss: Address 1066 is in frame 5. Giving data to P0.

Current memory layout at time 44:16000100 is:
Frame	Occupied	DirtyBit	Process	Page
0	Yes		0		0	4
1	Yes		1		0	9
2	No		0		-1	-1
3	Yes		0		0	15
4	No		0		-1	-1
5	Yes		1		0	1
6	No		0		-1	-1
7	No		0		-1	-1
8	No		0		-1	-1
9	No		0		-1	-1
10	No		0		-1	-1
11	No		0		-1	-1
12	No		0		-1	-1
13	No		0		-1	-1
14	No		0		-1	-1
15	No		0		-1	-1
16	No		0		-1	-1
17	No		0		-1	-1
18	No		0		-1	-1
19	No		0		-1	-1
20	No		0		-1	-1
21	No		0		-1	-1
22	No		0		-1	-1
23	No		0		-1	-1
24	No		0		-1	-1
25	No		0		-1	-1
26	No		0		-1	-1
27	No		0		-1	-1
28	No		0		-1	-1
29	No		0		-1	-1
30	No		0		-1	-1
31	No		0		-1	-1
32	No		0		-1	-1
33	No		0		-1	-1
34	No		0		-1	-1
35	No		0		-1	-1
36	No		0		-1	-1
37	No		0		-1	-1
38	No		0		-1	-1
39	No		0		-1	-1
40	No		0		-1	-1
41	No		0		-1	-1
42	No		0		-1	-1
43	No		0		-1	-1
44	No		0		-1	-1
45	No		0		-1	-1
46	No		0		-1	-1
47	No		0		-1	-1
48	No		0		-1	-1
49	No		0		-1	-1
50	No		0		-1	-1
51	No		0		-1	-1
52	No		0		-1	-1
53	No		0		-1	-1
54	No		0		-1	-1
55	No		0		-1	-1
56	No		0		-1	-1
57	No		0		-1	-1
58	No		0		-1	-1
59	No		0		-1	-1
60	No		0		-1	-1
61	No		0		-1	-1
62	No		0		-1	-1
63	No		0		-1	-1

Page Tables:
P0 page table: [ -1 5 -1 -1 0 -1 -1 -1 -1 1 -1 -1 -1 -1 -1 3 ]
P2 page table: [ -1 -1 -1 -1 -1 -1 -1 -1 -1 -1 -1 -1 -1 -1 -1 -1 ]

Blocked Queue:
None

oss: P0 requesting read of address 4340 page 4 offset 244 at time 44:26000100
oss: Address 4340 is in frame 0. Giving data to P0.
oss: P0 requesting read of address 3016 page 2 offset 968 at time 44:96000200
oss: Address 3016 is not in a frame. Page fault.
oss: P0 blocked for disk I/O until 44:110000200
oss: Swapping in P0 page 2 into frame 2
oss: Page fault completed for P0. Address 3016 is now in frame 2.
oss: P0 requesting read of address 840 page 0 offset 840 at time 44:216000200
oss: Address 840 is not in a frame. Page fault.
oss: P0 blocked for disk I/O until 44:230000200
oss: Swapping in P0 page 0 into frame 4
oss: Page fault completed for P0. Address 840 is now in frame 4.
oss: P0 requesting read of address 7138 page 6 offset 994 at time 44:416000200
oss: Address 7138 is not in a frame. Page fault.
oss: P0 blocked for disk I/O until 44:430000200
oss: Swapping in P0 page 6 into frame 6
oss: Page fault completed for P0. Address 7138 is now in frame 6.
oss: P0 requesting write of address 13093 page 12 offset 805 at time 44:516000200
oss: Address 13093 is not in a frame. Page fault.
oss: P0 blocked for disk I/O until 44:530000200

Current memory layout at time 44:516000200 is:
Frame	Occupied	DirtyBit	Process	Page
0	Yes		0		0	4
1	Yes		1		0	9
2	Yes		0		0	2
3	Yes		0		0	15
4	Yes		0		0	0
5	Yes		1		0	1
6	Yes		0		0	6
7	No		0		-1	-1
8	No		0		-1	-1
9	No		0		-1	-1
10	No		0		-1	-1
11	No		0		-1	-1
12	No		0		-1	-1
13	No		0		-1	-1
14	No		0		-1	-1
15	No		0		-1	-1
16	No		0		-1	-1
17	No		0		-1	-1
18	No		0		-1	-1
19	No		0		-1	-1
20	No		0		-1	-1
21	No		0		-1	-1
22	No		0		-1	-1
23	No		0		-1	-1
24	No		0		-1	-1
25	No		0		-1	-1
26	No		0		-1	-1
27	No		0		-1	-1
28	No		0		-1	-1
29	No		0		-1	-1
30	No		0		-1	-1
31	No		0		-1	-1
32	No		0		-1	-1
33	No		0		-1	-1
34	No		0		-1	-1
35	No		0		-1	-1
36	No		0		-1	-1
37	No		0		-1	-1
38	No		0		-1	-1
39	No		0		-1	-1
40	No		0		-1	-1
41	No		0		-1	-1
42	No		0		-1	-1
43	No		0		-1	-1
44	No		0		-1	-1
45	No		0		-1	-1
46	No		0		-1	-1
47	No		0		-1	-1
48	No		0		-1	-1
49	No		0		-1	-1
50	No		0		-1	-1
51	No		0		-1	-1
52	No		0		-1	-1
53	No		0		-1	-1
54	No		0		-1	-1
55	No		0		-1	-1
56	No		0		-1	-1
57	No		0		-1	-1
58	No		0		-1	-1
59	No		0		-1	-1
60	No		0		-1	-1
61	No		0		-1	-1
62	No		0		-1	-1
63	No		0		-1	-1

Page Tables:
P0 page table: [ 4 5 2 -1 0 -1 6 -1 -1 1 -1 -1 -1 -1 -1 3 ]
P2 page table: [ -1 -1 -1 -1 -1 -1 -1 -1 -1 -1 -1 -1 -1 -1 -1 -1 ]

Blocked Queue:
P0 waiting for page 12 until 44:530000200

oss: Swapping in P0 page 12 into frame 7
oss: Page fault completed for P0. Address 13093 is now in frame 7.
oss: P0 requesting read of address 13975 page 13 offset 663 at time 44:796000200
oss: Address 13975 is not in a frame. Page fault.
oss: P0 blocked for disk I/O until 44:810000200
oss: Swapping in P0 page 13 into frame 8
oss: Page fault completed for P0. Address 13975 is now in frame 8.
oss: P0 requesting read of address 7204 page 7 offset 36 at time 44:876000200
oss: Address 7204 is not in a frame. Page fault.
oss: P0 blocked for disk I/O until 44:890000200
oss: Swapping in P0 page 7 into frame 9
oss: Page fault completed for P0. Address 7204 is now in frame 9.

Current memory layout at time 45:16000200 is:
Frame	Occupied	DirtyBit	Process	Page
0	Yes		0		0	4
1	Yes		1		0	9
2	Yes		0		0	2
3	Yes		0		0	15
4	Yes		0		0	0
5	Yes		1		0	1
6	Yes		0		0	6
7	Yes		1		0	12
8	Yes		0		0	13
9	Yes		0		0	7
10	No		0		-1	-1
11	No		0		-1	-1
12	No		0		-1	-1
13	No		0		-1	-1
14	No		0		-1	-1
15	No		0		-1	-1
16	No		0		-1	-1
17	No		0		-1	-1
18	No		0		-1	-1
19	No		0		-1	-1
20	No		0		-1	-1
21	No		0		-1	-1
22	No		0		-1	-1
23	No		0		-1	-1
24	No		0		-1	-1
25	No		0		-1	-1
26	No		0		-1	-1
27	No		0		-1	-1
28	No		0		-1	-1
29	No		0		-1	-1
30	No		0		-1	-1
31	No		0		-1	-1
32	No		0		-1	-1
33	No		0		-1	-1
34	No		0		-1	-1
35	No		0		-1	-1
36	No		0		-1	-1
37	No		0		-1	-1
38	No		0		-1	-1
39	No		0		-1	-1
40	No		0		-1	-1
41	No		0		-1	-1
42	No		0		-1	-1
43	No		0		-1	-1
44	No		0		-1	-1
45	No		0		-1	-1
46	No		0		-1	-1
47	No		0		-1	-1
48	No		0		-1	-1
49	No		0		-1	-1
50	No		0		-1	-1
51	No		0		-1	-1
52	No		0		-1	-1
53	No		0		-1	-1
54	No		0		-1	-1
55	No		0		-1	-1
56	No		0		-1	-1
57	No		0		-1	-1
58	No		0		-1	-1
59	No		0		-1	-1
60	No		0		-1	-1
61	No		0		-1	-1
62	No		0		-1	-1
63	No		0		-1	-1

Page Tables:
P0 page table: [ 4 5 2 -1 0 -1 6 9 -1 1 -1 -1 7 8 -1 3 ]
P2 page table: [ -1 -1 -1 -1 -1 -1 -1 -1 -1 -1 -1 -1 -1 -1 -1 -1 ]

Blocked Queue:
None

oss: P0 requesting write of address 8414 page 8 offset 222 at time 45:26000200
oss: Address 8414 is not in a frame. Page fault.
oss: P0 blocked for disk I/O until 45:40000200
oss: Swapping in P0 page 8 into frame 10
oss: Page fault completed for P0. Address 8414 is now in frame 10.
oss: P0 requesting read of address 1168 page 1 offset 144 at time 45:396000200
oss: Address 1168 is in frame 5. Giving data to P0.

Current memory layout at time 45:516000300 is:
Frame	Occupied	DirtyBit	Process	Page
0	Yes		0		0	4
1	Yes		1		0	9
2	Yes		0		0	2
3	Yes		0		0	15
4	Yes		0		0	0
5	Yes		1		0	1
6	Yes		0		0	6
7	Yes		1		0	12
8	Yes		0		0	13
9	Yes		0		0	7
10	Yes		1		0	8
11	No		0		-1	-1
12	No		0		-1	-1
13	No		0		-1	-1
14	No		0		-1	-1
15	No		0		-1	-1
16	No		0		-1	-1
17	No		0		-1	-1
18	No		0		-1	-1
19	No		0		-1	-1
20	No		0		-1	-1
21	No		0		-1	-1
22	No		0		-1	-1
23	No		0		-1	-1
24	No		0		-1	-1
25	No		0		-1	-1
26	No		0		-1	-1
27	No		0		-1	-1
28	No		0		-1	-1
29	No		0		-1	-1
30	No		0		-1	-1
31	No		0		-1	-1
32	No		0		-1	-1
33	No		0		-1	-1
34	No		0		-1	-1
35	No		0		-1	-1
36	No		0		-1	-1
37	No		0		-1	-1
38	No		0		-1	-1
39	No		0		-1	-1
40	No		0		-1	-1
41	No		0		-1	-1
42	No		0		-1	-1
43	No		0		-1	-1
44	No		0		-1	-1
45	No		0		-1	-1
46	No		0		-1	-1
47	No		0		-1	-1
48	No		0		-1	-1
49	No		0		-1	-1
50	No		0		-1	-1
51	No		0		-1	-1
52	No		0		-1	-1
53	No		0		-1	-1
54	No		0		-1	-1
55	No		0		-1	-1
56	No		0		-1	-1
57	No		0		-1	-1
58	No		0		-1	-1
59	No		0		-1	-1
60	No		0		-1	-1
61	No		0		-1	-1
62	No		0		-1	-1
63	No		0		-1	-1

Page Tables:
P0 page table: [ 4 5 2 -1 0 -1 6 9 10 1 -1 -1 7 8 -1 3 ]
P2 page table: [ -1 -1 -1 -1 -1 -1 -1 -1 -1 -1 -1 -1 -1 -1 -1 -1 ]

Blocked Queue:
None

oss: P0 terminating at time 45:526000300
oss: P0 memory references: 14, page faults: 11
oss: P0 effective memory access time: 3251857164.285714 nanoseconds
oss: Launched P3 with PID 39860 at time 45:536000300

Current memory layout at time 46:16000300 is:
Frame	Occupied	DirtyBit	Process	Page
0	No		0		-1	-1
1	No		0		-1	-1
2	No		0		-1	-1
3	No		0		-1	-1
4	No		0		-1	-1
5	No		0		-1	-1
6	No		0		-1	-1
7	No		0		-1	-1
8	No		0		-1	-1
9	No		0		-1	-1
10	No		0		-1	-1
11	No		0		-1	-1
12	No		0		-1	-1
13	No		0		-1	-1
14	No		0		-1	-1
15	No		0		-1	-1
16	No		0		-1	-1
17	No		0		-1	-1
18	No		0		-1	-1
19	No		0		-1	-1
20	No		0		-1	-1
21	No		0		-1	-1
22	No		0		-1	-1
23	No		0		-1	-1
24	No		0		-1	-1
25	No		0		-1	-1
26	No		0		-1	-1
27	No		0		-1	-1
28	No		0		-1	-1
29	No		0		-1	-1
30	No		0		-1	-1
31	No		0		-1	-1
32	No		0		-1	-1
33	No		0		-1	-1
34	No		0		-1	-1
35	No		0		-1	-1
36	No		0		-1	-1
37	No		0		-1	-1
38	No		0		-1	-1
39	No		0		-1	-1
40	No		0		-1	-1
41	No		0		-1	-1
42	No		0		-1	-1
43	No		0		-1	-1
44	No		0		-1	-1
45	No		0		-1	-1
46	No		0		-1	-1
47	No		0		-1	-1
48	No		0		-1	-1
49	No		0		-1	-1
50	No		0		-1	-1
51	No		0		-1	-1
52	No		0		-1	-1
53	No		0		-1	-1
54	No		0		-1	-1
55	No		0		-1	-1
56	No		0		-1	-1
57	No		0		-1	-1
58	No		0		-1	-1
59	No		0		-1	-1
60	No		0		-1	-1
61	No		0		-1	-1
62	No		0		-1	-1
63	No		0		-1	-1

Page Tables:
P2 page table: [ -1 -1 -1 -1 -1 -1 -1 -1 -1 -1 -1 -1 -1 -1 -1 -1 ]
P3 page table: [ -1 -1 -1 -1 -1 -1 -1 -1 -1 -1 -1 -1 -1 -1 -1 -1 ]

Blocked Queue:
None


Current memory layout at time 46:516000300 is:
Frame	Occupied	DirtyBit	Process	Page
0	No		0		-1	-1
1	No		0		-1	-1
2	No		0		-1	-1
3	No		0		-1	-1
4	No		0		-1	-1
5	No		0		-1	-1
6	No		0		-1	-1
7	No		0		-1	-1
8	No		0		-1	-1
9	No		0		-1	-1
10	No		0		-1	-1
11	No		0		-1	-1
12	No		0		-1	-1
13	No		0		-1	-1
14	No		0		-1	-1
15	No		0		-1	-1
16	No		0		-1	-1
17	No		0		-1	-1
18	No		0		-1	-1
19	No		0		-1	-1
20	No		0		-1	-1
21	No		0		-1	-1
22	No		0		-1	-1
23	No		0		-1	-1
24	No		0		-1	-1
25	No		0		-1	-1
26	No		0		-1	-1
27	No		0		-1	-1
28	No		0		-1	-1
29	No		0		-1	-1
30	No		0		-1	-1
31	No		0		-1	-1
32	No		0		-1	-1
33	No		0		-1	-1
34	No		0		-1	-1
35	No		0		-1	-1
36	No		0		-1	-1
37	No		0		-1	-1
38	No		0		-1	-1
39	No		0		-1	-1
40	No		0		-1	-1
41	No		0		-1	-1
42	No		0		-1	-1
43	No		0		-1	-1
44	No		0		-1	-1
45	No		0		-1	-1
46	No		0		-1	-1
47	No		0		-1	-1
48	No		0		-1	-1
49	No		0		-1	-1
50	No		0		-1	-1
51	No		0		-1	-1
52	No		0		-1	-1
53	No		0		-1	-1
54	No		0		-1	-1
55	No		0		-1	-1
56	No		0		-1	-1
57	No		0		-1	-1
58	No		0		-1	-1
59	No		0		-1	-1
60	No		0		-1	-1
61	No		0		-1	-1
62	No		0		-1	-1
63	No		0		-1	-1

Page Tables:
P2 page table: [ -1 -1 -1 -1 -1 -1 -1 -1 -1 -1 -1 -1 -1 -1 -1 -1 ]
P3 page table: [ -1 -1 -1 -1 -1 -1 -1 -1 -1 -1 -1 -1 -1 -1 -1 -1 ]

Blocked Queue:
None


Current memory layout at time 47:16000300 is:
Frame	Occupied	DirtyBit	Process	Page
0	No		0		-1	-1
1	No		0		-1	-1
2	No		0		-1	-1
3	No		0		-1	-1
4	No		0		-1	-1
5	No		0		-1	-1
6	No		0		-1	-1
7	No		0		-1	-1
8	No		0		-1	-1
9	No		0		-1	-1
10	No		0		-1	-1
11	No		0		-1	-1
12	No		0		-1	-1
13	No		0		-1	-1
14	No		0		-1	-1
15	No		0		-1	-1
16	No		0		-1	-1
17	No		0		-1	-1
18	No		0		-1	-1
19	No		0		-1	-1
20	No		0		-1	-1
21	No		0		-1	-1
22	No		0		-1	-1
23	No		0		-1	-1
24	No		0		-1	-1
25	No		0		-1	-1
26	No		0		-1	-1
27	No		0		-1	-1
28	No		0		-1	-1
29	No		0		-1	-1
30	No		0		-1	-1
31	No		0		-1	-1
32	No		0		-1	-1
33	No		0		-1	-1
34	No		0		-1	-1
35	No		0		-1	-1
36	No		0		-1	-1
37	No		0		-1	-1
38	No		0		-1	-1
39	No		0		-1	-1
40	No		0		-1	-1
41	No		0		-1	-1
42	No		0		-1	-1
43	No		0		-1	-1
44	No		0		-1	-1
45	No		0		-1	-1
46	No		0		-1	-1
47	No		0		-1	-1
48	No		0		-1	-1
49	No		0		-1	-1
50	No		0		-1	-1
51	No		0		-1	-1
52	No		0		-1	-1
53	No		0		-1	-1
54	No		0		-1	-1
55	No		0		-1	-1
56	No		0		-1	-1
57	No		0		-1	-1
58	No		0		-1	-1
59	No		0		-1	-1
60	No		0		-1	-1
61	No		0		-1	-1
62	No		0		-1	-1
63	No		0		-1	-1

Page Tables:
P2 page table: [ -1 -1 -1 -1 -1 -1 -1 -1 -1 -1 -1 -1 -1 -1 -1 -1 ]
P3 page table: [ -1 -1 -1 -1 -1 -1 -1 -1 -1 -1 -1 -1 -1 -1 -1 -1 ]

Blocked Queue:
None


Current memory layout at time 47:516000300 is:
Frame	Occupied	DirtyBit	Process	Page
0	No		0		-1	-1
1	No		0		-1	-1
2	No		0		-1	-1
3	No		0		-1	-1
4	No		0		-1	-1
5	No		0		-1	-1
6	No		0		-1	-1
7	No		0		-1	-1
8	No		0		-1	-1
9	No		0		-1	-1
10	No		0		-1	-1
11	No		0		-1	-1
12	No		0		-1	-1
13	No		0		-1	-1
14	No		0		-1	-1
15	No		0		-1	-1
16	No		0		-1	-1
17	No		0		-1	-1
18	No		0		-1	-1
19	No		0		-1	-1
20	No		0		-1	-1
21	No		0		-1	-1
22	No		0		-1	-1
23	No		0		-1	-1
24	No		0		-1	-1
25	No		0		-1	-1
26	No		0		-1	-1
27	No		0		-1	-1
28	No		0		-1	-1
29	No		0		-1	-1
30	No		0		-1	-1
31	No		0		-1	-1
32	No		0		-1	-1
33	No		0		-1	-1
34	No		0		-1	-1
35	No		0		-1	-1
36	No		0		-1	-1
37	No		0		-1	-1
38	No		0		-1	-1
39	No		0		-1	-1
40	No		0		-1	-1
41	No		0		-1	-1
42	No		0		-1	-1
43	No		0		-1	-1
44	No		0		-1	-1
45	No		0		-1	-1
46	No		0		-1	-1
47	No		0		-1	-1
48	No		0		-1	-1
49	No		0		-1	-1
50	No		0		-1	-1
51	No		0		-1	-1
52	No		0		-1	-1
53	No		0		-1	-1
54	No		0		-1	-1
55	No		0		-1	-1
56	No		0		-1	-1
57	No		0		-1	-1
58	No		0		-1	-1
59	No		0		-1	-1
60	No		0		-1	-1
61	No		0		-1	-1
62	No		0		-1	-1
63	No		0		-1	-1

Page Tables:
P2 page table: [ -1 -1 -1 -1 -1 -1 -1 -1 -1 -1 -1 -1 -1 -1 -1 -1 ]
P3 page table: [ -1 -1 -1 -1 -1 -1 -1 -1 -1 -1 -1 -1 -1 -1 -1 -1 ]

Blocked Queue:
None


Current memory layout at time 48:16000300 is:
Frame	Occupied	DirtyBit	Process	Page
0	No		0		-1	-1
1	No		0		-1	-1
2	No		0		-1	-1
3	No		0		-1	-1
4	No		0		-1	-1
5	No		0		-1	-1
6	No		0		-1	-1
7	No		0		-1	-1
8	No		0		-1	-1
9	No		0		-1	-1
10	No		0		-1	-1
11	No		0		-1	-1
12	No		0		-1	-1
13	No		0		-1	-1
14	No		0		-1	-1
15	No		0		-1	-1
16	No		0		-1	-1
17	No		0		-1	-1
18	No		0		-1	-1
19	No		0		-1	-1
20	No		0		-1	-1
21	No		0		-1	-1
22	No		0		-1	-1
23	No		0		-1	-1
24	No		0		-1	-1
25	No		0		-1	-1
26	No		0		-1	-1
27	No		0		-1	-1
28	No		0		-1	-1
29	No		0		-1	-1
30	No		0		-1	-1
31	No		0		-1	-1
32	No		0		-1	-1
33	No		0		-1	-1
34	No		0		-1	-1
35	No		0		-1	-1
36	No		0		-1	-1
37	No		0		-1	-1
38	No		0		-1	-1
39	No		0		-1	-1
40	No		0		-1	-1
41	No		0		-1	-1
42	No		0		-1	-1
43	No		0		-1	-1
44	No		0		-1	-1
45	No		0		-1	-1
46	No		0		-1	-1
47	No		0		-1	-1
48	No		0		-1	-1
49	No		0		-1	-1
50	No		0		-1	-1
51	No		0		-1	-1
52	No		0		-1	-1
53	No		0		-1	-1
54	No		0		-1	-1
55	No		0		-1	-1
56	No		0		-1	-1
57	No		0		-1	-1
58	No		0		-1	-1
59	No		0		-1	-1
60	No		0		-1	-1
61	No		0		-1	-1
62	No		0		-1	-1
63	No		0		-1	-1

Page Tables:
P2 page table: [ -1 -1 -1 -1 -1 -1 -1 -1 -1 -1 -1 -1 -1 -1 -1 -1 ]
P3 page table: [ -1 -1 -1 -1 -1 -1 -1 -1 -1 -1 -1 -1 -1 -1 -1 -1 ]

Blocked Queue:
None


Current memory layout at time 48:516000300 is:
Frame	Occupied	DirtyBit	Process	Page
0	No		0		-1	-1
1	No		0		-1	-1
2	No		0		-1	-1
3	No		0		-1	-1
4	No		0		-1	-1
5	No		0		-1	-1
6	No		0		-1	-1
7	No		0		-1	-1
8	No		0		-1	-1
9	No		0		-1	-1
10	No		0		-1	-1
11	No		0		-1	-1
12	No		0		-1	-1
13	No		0		-1	-1
14	No		0		-1	-1
15	No		0		-1	-1
16	No		0		-1	-1
17	No		0		-1	-1
18	No		0		-1	-1
19	No		0		-1	-1
20	No		0		-1	-1
21	No		0		-1	-1
22	No		0		-1	-1
23	No		0		-1	-1
24	No		0		-1	-1
25	No		0		-1	-1
26	No		0		-1	-1
27	No		0		-1	-1
28	No		0		-1	-1
29	No		0		-1	-1
30	No		0		-1	-1
31	No		0		-1	-1
32	No		0		-1	-1
33	No		0		-1	-1
34	No		0		-1	-1
35	No		0		-1	-1
36	No		0		-1	-1
37	No		0		-1	-1
38	No		0		-1	-1
39	No		0		-1	-1
40	No		0		-1	-1
41	No		0		-1	-1
42	No		0		-1	-1
43	No		0		-1	-1
44	No		0		-1	-1
45	No		0		-1	-1
46	No		0		-1	-1
47	No		0		-1	-1
48	No		0		-1	-1
49	No		0		-1	-1
50	No		0		-1	-1
51	No		0		-1	-1
52	No		0		-1	-1
53	No		0		-1	-1
54	No		0		-1	-1
55	No		0		-1	-1
56	No		0		-1	-1
57	No		0		-1	-1
58	No		0		-1	-1
59	No		0		-1	-1
60	No		0		-1	-1
61	No		0		-1	-1
62	No		0		-1	-1
63	No		0		-1	-1

Page Tables:
P2 page table: [ -1 -1 -1 -1 -1 -1 -1 -1 -1 -1 -1 -1 -1 -1 -1 -1 ]
P3 page table: [ -1 -1 -1 -1 -1 -1 -1 -1 -1 -1 -1 -1 -1 -1 -1 -1 ]

Blocked Queue:
None


Current memory layout at time 49:16000300 is:
Frame	Occupied	DirtyBit	Process	Page
0	No		0		-1	-1
1	No		0		-1	-1
2	No		0		-1	-1
3	No		0		-1	-1
4	No		0		-1	-1
5	No		0		-1	-1
6	No		0		-1	-1
7	No		0		-1	-1
8	No		0		-1	-1
9	No		0		-1	-1
10	No		0		-1	-1
11	No		0		-1	-1
12	No		0		-1	-1
13	No		0		-1	-1
14	No		0		-1	-1
15	No		0		-1	-1
16	No		0		-1	-1
17	No		0		-1	-1
18	No		0		-1	-1
19	No		0		-1	-1
20	No		0		-1	-1
21	No		0		-1	-1
22	No		0		-1	-1
23	No		0		-1	-1
24	No		0		-1	-1
25	No		0		-1	-1
26	No		0		-1	-1
27	No		0		-1	-1
28	No		0		-1	-1
29	No		0		-1	-1
30	No		0		-1	-1
31	No		0		-1	-1
32	No		0		-1	-1
33	No		0		-1	-1
34	No		0		-1	-1
35	No		0		-1	-1
36	No		0		-1	-1
37	No		0		-1	-1
38	No		0		-1	-1
39	No		0		-1	-1
40	No		0		-1	-1
41	No		0		-1	-1
42	No		0		-1	-1
43	No		0		-1	-1
44	No		0		-1	-1
45	No		0		-1	-1
46	No		0		-1	-1
47	No		0		-1	-1
48	No		0		-1	-1
49	No		0		-1	-1
50	No		0		-1	-1
51	No		0		-1	-1
52	No		0		-1	-1
53	No		0		-1	-1
54	No		0		-1	-1
55	No		0		-1	-1
56	No		0		-1	-1
57	No		0		-1	-1
58	No		0		-1	-1
59	No		0		-1	-1
60	No		0		-1	-1
61	No		0		-1	-1
62	No		0		-1	-1
63	No		0		-1	-1

Page Tables:
P2 page table: [ -1 -1 -1 -1 -1 -1 -1 -1 -1 -1 -1 -1 -1 -1 -1 -1 ]
P3 page table: [ -1 -1 -1 -1 -1 -1 -1 -1 -1 -1 -1 -1 -1 -1 -1 -1 ]

Blocked Queue:
None


Current memory layout at time 49:516000300 is:
Frame	Occupied	DirtyBit	Process	Page
0	No		0		-1	-1
1	No		0		-1	-1
2	No		0		-1	-1
3	No		0		-1	-1
4	No		0		-1	-1
5	No		0		-1	-1
6	No		0		-1	-1
7	No		0		-1	-1
8	No		0		-1	-1
9	No		0		-1	-1
10	No		0		-1	-1
11	No		0		-1	-1
12	No		0		-1	-1
13	No		0		-1	-1
14	No		0		-1	-1
15	No		0		-1	-1
16	No		0		-1	-1
17	No		0		-1	-1
18	No		0		-1	-1
19	No		0		-1	-1
20	No		0		-1	-1
21	No		0		-1	-1
22	No		0		-1	-1
23	No		0		-1	-1
24	No		0		-1	-1
25	No		0		-1	-1
26	No		0		-1	-1
27	No		0		-1	-1
28	No		0		-1	-1
29	No		0		-1	-1
30	No		0		-1	-1
31	No		0		-1	-1
32	No		0		-1	-1
33	No		0		-1	-1
34	No		0		-1	-1
35	No		0		-1	-1
36	No		0		-1	-1
37	No		0		-1	-1
38	No		0		-1	-1
39	No		0		-1	-1
40	No		0		-1	-1
41	No		0		-1	-1
42	No		0		-1	-1
43	No		0		-1	-1
44	No		0		-1	-1
45	No		0		-1	-1
46	No		0		-1	-1
47	No		0		-1	-1
48	No		0		-1	-1
49	No		0		-1	-1
50	No		0		-1	-1
51	No		0		-1	-1
52	No		0		-1	-1
53	No		0		-1	-1
54	No		0		-1	-1
55	No		0		-1	-1
56	No		0		-1	-1
57	No		0		-1	-1
58	No		0		-1	-1
59	No		0		-1	-1
60	No		0		-1	-1
61	No		0		-1	-1
62	No		0		-1	-1
63	No		0		-1	-1

Page Tables:
P2 page table: [ -1 -1 -1 -1 -1 -1 -1 -1 -1 -1 -1 -1 -1 -1 -1 -1 ]
P3 page table: [ -1 -1 -1 -1 -1 -1 -1 -1 -1 -1 -1 -1 -1 -1 -1 -1 ]

Blocked Queue:
None


Current memory layout at time 50:16000300 is:
Frame	Occupied	DirtyBit	Process	Page
0	No		0		-1	-1
1	No		0		-1	-1
2	No		0		-1	-1
3	No		0		-1	-1
4	No		0		-1	-1
5	No		0		-1	-1
6	No		0		-1	-1
7	No		0		-1	-1
8	No		0		-1	-1
9	No		0		-1	-1
10	No		0		-1	-1
11	No		0		-1	-1
12	No		0		-1	-1
13	No		0		-1	-1
14	No		0		-1	-1
15	No		0		-1	-1
16	No		0		-1	-1
17	No		0		-1	-1
18	No		0		-1	-1
19	No		0		-1	-1
20	No		0		-1	-1
21	No		0		-1	-1
22	No		0		-1	-1
23	No		0		-1	-1
24	No		0		-1	-1
25	No		0		-1	-1
26	No		0		-1	-1
27	No		0		-1	-1
28	No		0		-1	-1
29	No		0		-1	-1
30	No		0		-1	-1
31	No		0		-1	-1
32	No		0		-1	-1
33	No		0		-1	-1
34	No		0		-1	-1
35	No		0		-1	-1
36	No		0		-1	-1
37	No		0		-1	-1
38	No		0		-1	-1
39	No		0		-1	-1
40	No		0		-1	-1
41	No		0		-1	-1
42	No		0		-1	-1
43	No		0		-1	-1
44	No		0		-1	-1
45	No		0		-1	-1
46	No		0		-1	-1
47	No		0		-1	-1
48	No		0		-1	-1
49	No		0		-1	-1
50	No		0		-1	-1
51	No		0		-1	-1
52	No		0		-1	-1
53	No		0		-1	-1
54	No		0		-1	-1
55	No		0		-1	-1
56	No		0		-1	-1
57	No		0		-1	-1
58	No		0		-1	-1
59	No		0		-1	-1
60	No		0		-1	-1
61	No		0		-1	-1
62	No		0		-1	-1
63	No		0		-1	-1

Page Tables:
P2 page table: [ -1 -1 -1 -1 -1 -1 -1 -1 -1 -1 -1 -1 -1 -1 -1 -1 ]
P3 page table: [ -1 -1 -1 -1 -1 -1 -1 -1 -1 -1 -1 -1 -1 -1 -1 -1 ]

Blocked Queue:
None


Current memory layout at time 50:516000300 is:
Frame	Occupied	DirtyBit	Process	Page
0	No		0		-1	-1
1	No		0		-1	-1
2	No		0		-1	-1
3	No		0		-1	-1
4	No		0		-1	-1
5	No		0		-1	-1
6	No		0		-1	-1
7	No		0		-1	-1
8	No		0		-1	-1
9	No		0		-1	-1
10	No		0		-1	-1
11	No		0		-1	-1
12	No		0		-1	-1
13	No		0		-1	-1
14	No		0		-1	-1
15	No		0		-1	-1
16	No		0		-1	-1
17	No		0		-1	-1
18	No		0		-1	-1
19	No		0		-1	-1
20	No		0		-1	-1
21	No		0		-1	-1
22	No		0		-1	-1
23	No		0		-1	-1
24	No		0		-1	-1
25	No		0		-1	-1
26	No		0		-1	-1
27	No		0		-1	-1
28	No		0		-1	-1
29	No		0		-1	-1
30	No		0		-1	-1
31	No		0		-1	-1
32	No		0		-1	-1
33	No		0		-1	-1
34	No		0		-1	-1
35	No		0		-1	-1
36	No		0		-1	-1
37	No		0		-1	-1
38	No		0		-1	-1
39	No		0		-1	-1
40	No		0		-1	-1
41	No		0		-1	-1
42	No		0		-1	-1
43	No		0		-1	-1
44	No		0		-1	-1
45	No		0		-1	-1
46	No		0		-1	-1
47	No		0		-1	-1
48	No		0		-1	-1
49	No		0		-1	-1
50	No		0		-1	-1
51	No		0		-1	-1
52	No		0		-1	-1
53	No		0		-1	-1
54	No		0		-1	-1
55	No		0		-1	-1
56	No		0		-1	-1
57	No		0		-1	-1
58	No		0		-1	-1
59	No		0		-1	-1
60	No		0		-1	-1
61	No		0		-1	-1
62	No		0		-1	-1
63	No		0		-1	-1

Page Tables:
P2 page table: [ -1 -1 -1 -1 -1 -1 -1 -1 -1 -1 -1 -1 -1 -1 -1 -1 ]
P3 page table: [ -1 -1 -1 -1 -1 -1 -1 -1 -1 -1 -1 -1 -1 -1 -1 -1 ]

Blocked Queue:
None


Current memory layout at time 51:16000300 is:
Frame	Occupied	DirtyBit	Process	Page
0	No		0		-1	-1
1	No		0		-1	-1
2	No		0		-1	-1
3	No		0		-1	-1
4	No		0		-1	-1
5	No		0		-1	-1
6	No		0		-1	-1
7	No		0		-1	-1
8	No		0		-1	-1
9	No		0		-1	-1
10	No		0		-1	-1
11	No		0		-1	-1
12	No		0		-1	-1
13	No		0		-1	-1
14	No		0		-1	-1
15	No		0		-1	-1
16	No		0		-1	-1
17	No		0		-1	-1
18	No		0		-1	-1
19	No		0		-1	-1
20	No		0		-1	-1
21	No		0		-1	-1
22	No		0		-1	-1
23	No		0		-1	-1
24	No		0		-1	-1
25	No		0		-1	-1
26	No		0		-1	-1
27	No		0		-1	-1
28	No		0		-1	-1
29	No		0		-1	-1
30	No		0		-1	-1
31	No		0		-1	-1
32	No		0		-1	-1
33	No		0		-1	-1
34	No		0		-1	-1
35	No		0		-1	-1
36	No		0		-1	-1
37	No		0		-1	-1
38	No		0		-1	-1
39	No		0		-1	-1
40	No		0		-1	-1
41	No		0		-1	-1
42	No		0		-1	-1
43	No		0		-1	-1
44	No		0		-1	-1
45	No		0		-1	-1
46	No		0		-1	-1
47	No		0		-1	-1
48	No		0		-1	-1
49	No		0		-1	-1
50	No		0		-1	-1
51	No		0		-1	-1
52	No		0		-1	-1
53	No		0		-1	-1
54	No		0		-1	-1
55	No		0		-1	-1
56	No		0		-1	-1
57	No		0		-1	-1
58	No		0		-1	-1
59	No		0		-1	-1
60	No		0		-1	-1
61	No		0		-1	-1
62	No		0		-1	-1
63	No		0		-1	-1

Page Tables:
P2 page table: [ -1 -1 -1 -1 -1 -1 -1 -1 -1 -1 -1 -1 -1 -1 -1 -1 ]
P3 page table: [ -1 -1 -1 -1 -1 -1 -1 -1 -1 -1 -1 -1 -1 -1 -1 -1 ]

Blocked Queue:
None

oss: P2 requesting write of address 6550 page 6 offset 406 at time 51:26000300
oss: Address 6550 is not in a frame. Page fault.
oss: P2 blocked for disk I/O until 51:40000300
oss: Swapping in P2 page 6 into frame 0
oss: Page fault completed for P2. Address 6550 is now in frame 0.
oss: P2 requesting write of address 4628 page 4 offset 532 at time 51:126000300
oss: Address 4628 is not in a frame. Page fault.
oss: P2 blocked for disk I/O until 51:140000300
oss: Swapping in P2 page 4 into frame 1
oss: Page fault completed for P2. Address 4628 is now in frame 1.
oss: P2 requesting read of address 14874 page 14 offset 538 at time 51:286000300
oss: Address 14874 is not in a frame. Page fault.
oss: P2 blocked for disk I/O until 51:300000300
oss: Swapping in P2 page 14 into frame 2
oss: Page fault completed for P2. Address 14874 is now in frame 2.
oss: P2 requesting read of address 9397 page 9 offset 181 at time 51:476000300
oss: Address 9397 is not in a frame. Page fault.
oss: P2 blocked for disk I/O until 51:490000300
oss: Swapping in P2 page 9 into frame 3
oss: Page fault completed for P2. Address 9397 is now in frame 3.

Current memory layout at time 51:516000300 is:
Frame	Occupied	DirtyBit	Process	Page
0	Yes		1		2	6
1	Yes		1		2	4
2	Yes		0		2	14
3	Yes		0		2	9
4	No		0		-1	-1
5	No		0		-1	-1
6	No		0		-1	-1
7	No		0		-1	-1
8	No		0		-1	-1
9	No		0		-1	-1
10	No		0		-1	-1
11	No		0		-1	-1
12	No		0		-1	-1
13	No		0		-1	-1
14	No		0		-1	-1
15	No		0		-1	-1
16	No		0		-1	-1
17	No		0		-1	-1
18	No		0		-1	-1
19	No		0		-1	-1
20	No		0		-1	-1
21	No		0		-1	-1
22	No		0		-1	-1
23	No		0		-1	-1
24	No		0		-1	-1
25	No		0		-1	-1
26	No		0		-1	-1
27	No		0		-1	-1
28	No		0		-1	-1
29	No		0		-1	-1
30	No		0		-1	-1
31	No		0		-1	-1
32	No		0		-1	-1
33	No		0		-1	-1
34	No		0		-1	-1
35	No		0		-1	-1
36	No		0		-1	-1
37	No		0		-1	-1
38	No		0		-1	-1
39	No		0		-1	-1
40	No		0		-1	-1
41	No		0		-1	-1
42	No		0		-1	-1
43	No		0		-1	-1
44	No		0		-1	-1
45	No		0		-1	-1
46	No		0		-1	-1
47	No		0		-1	-1
48	No		0		-1	-1
49	No		0		-1	-1
50	No		0		-1	-1
51	No		0		-1	-1
52	No		0		-1	-1
53	No		0		-1	-1
54	No		0		-1	-1
55	No		0		-1	-1
56	No		0		-1	-1
57	No		0		-1	-1
58	No		0		-1	-1
59	No		0		-1	-1
60	No		0		-1	-1
61	No		0		-1	-1
62	No		0		-1	-1
63	No		0		-1	-1

Page Tables:
P2 page table: [ -1 -1 -1 -1 1 -1 0 -1 -1 3 -1 -1 -1 -1 2 -1 ]
P3 page table: [ -1 -1 -1 -1 -1 -1 -1 -1 -1 -1 -1 -1 -1 -1 -1 -1 ]

Blocked Queue:
None

oss: P2 requesting read of address 5520 page 5 offset 400 at time 51:526000300
oss: Address 5520 is not in a frame. Page fault.
oss: P2 blocked for disk I/O until 51:540000300
oss: Swapping in P2 page 5 into frame 4
oss: Page fault completed for P2. Address 5520 is now in frame 4.
oss: P2 requesting read of address 4886 page 4 offset 790 at time 51:646000300
oss: Address 4886 is in frame 1. Giving data to P2.
oss: P2 requesting write of address 10279 page 10 offset 39 at time 51:896000400
oss: Address 10279 is not in a frame. Page fault.
oss: P2 blocked for disk I/O until 51:910000400
oss: Swapping in P2 page 10 into frame 5
oss: Page fault completed for P2. Address 10279 is now in frame 5.

Current memory layout at time 52:16000400 is:
Frame	Occupied	DirtyBit	Process	Page
0	Yes		1		2	6
1	Yes		1		2	4
2	Yes		0		2	14
3	Yes		0		2	9
4	Yes		0		2	5
5	Yes		1		2	10
6	No		0		-1	-1
7	No		0		-1	-1
8	No		0		-1	-1
9	No		0		-1	-1
10	No		0		-1	-1
11	No		0		-1	-1
12	No		0		-1	-1
13	No		0		-1	-1
14	No		0		-1	-1
15	No		0		-1	-1
16	No		0		-1	-1
17	No		0		-1	-1
18	No		0		-1	-1
19	No		0		-1	-1
20	No		0		-1	-1
21	No		0		-1	-1
22	No		0		-1	-1
23	No		0		-1	-1
24	No		0		-1	-1
25	No		0		-1	-1
26	No		0		-1	-1
27	No		0		-1	-1
28	No		0		-1	-1
29	No		0		-1	-1
30	No		0		-1	-1
31	No		0		-1	-1
32	No		0		-1	-1
33	No		0		-1	-1
34	No		0		-1	-1
35	No		0		-1	-1
36	No		0		-1	-1
37	No		0		-1	-1
38	No		0		-1	-1
39	No		0		-1	-1
40	No		0		-1	-1
41	No		0		-1	-1
42	No		0		-1	-1
43	No		0		-1	-1
44	No		0		-1	-1
45	No		0		-1	-1
46	No		0		-1	-1
47	No		0		-1	-1
48	No		0		-1	-1
49	No		0		-1	-1
50	No		0		-1	-1
51	No		0		-1	-1
52	No		0		-1	-1
53	No		0		-1	-1
54	No		0		-1	-1
55	No		0		-1	-1
56	No		0		-1	-1
57	No		0		-1	-1
58	No		0		-1	-1
59	No		0		-1	-1
60	No		0		-1	-1
61	No		0		-1	-1
62	No		0		-1	-1
63	No		0		-1	-1

Page Tables:
P2 page table: [ -1 -1 -1 -1 1 4 0 -1 -1 3 5 -1 -1 -1 2 -1 ]
P3 page table: [ -1 -1 -1 -1 -1 -1 -1 -1 -1 -1 -1 -1 -1 -1 -1 -1 ]

Blocked Queue:
None

oss: P2 requesting read of address 11604 page 11 offset 340 at time 52:26000400
oss: Address 11604 is not in a frame. Page fault.
oss: P2 blocked for disk I/O until 52:40000400
oss: P3 requesting read of address 15265 page 14 offset 929 at time 52:26000400
oss: Address 15265 is not in a frame. Page fault.
oss: P3 blocked for disk I/O until 52:40000400
oss: All active processes are blocked. Advancing clock to 52:40000400
oss: Swapping in P2 page 11 into frame 6
oss: Page fault completed for P2. Address 11604 is now in frame 6.
oss: Swapping in P3 page 14 into frame 7
oss: Page fault completed for P3. Address 15265 is now in frame 7.

Current memory layout at time 52:520000400 is:
Frame	Occupied	DirtyBit	Process	Page
0	Yes		1		2	6
1	Yes		1		2	4
2	Yes		0		2	14
3	Yes		0		2	9
4	Yes		0		2	5
5	Yes		1		2	10
6	Yes		0		2	11
7	Yes		0		3	14
8	No		0		-1	-1
9	No		0		-1	-1
10	No		0		-1	-1
11	No		0		-1	-1
12	No		0		-1	-1
13	No		0		-1	-1
14	No		0		-1	-1
15	No		0		-1	-1
16	No		0		-1	-1
17	No		0		-1	-1
18	No		0		-1	-1
19	No		0		-1	-1
20	No		0		-1	-1
21	No		0		-1	-1
22	No		0		-1	-1
23	No		0		-1	-1
24	No		0		-1	-1
25	No		0		-1	-1
26	No		0		-1	-1
27	No		0		-1	-1
28	No		0		-1	-1
29	No		0		-1	-1
30	No		0		-1	-1
31	No		0		-1	-1
32	No		0		-1	-1
33	No		0		-1	-1
34	No		0		-1	-1
35	No		0		-1	-1
36	No		0		-1	-1
37	No		0		-1	-1
38	No		0		-1	-1
39	No		0		-1	-1
40	No		0		-1	-1
41	No		0		-1	-1
42	No		0		-1	-1
43	No		0		-1	-1
44	No		0		-1	-1
45	No		0		-1	-1
46	No		0		-1	-1
47	No		0		-1	-1
48	No		0		-1	-1
49	No		0		-1	-1
50	No		0		-1	-1
51	No		0		-1	-1
52	No		0		-1	-1
53	No		0		-1	-1
54	No		0		-1	-1
55	No		0		-1	-1
56	No		0		-1	-1
57	No		0		-1	-1
58	No		0		-1	-1
59	No		0		-1	-1
60	No		0		-1	-1
61	No		0		-1	-1
62	No		0		-1	-1
63	No		0		-1	-1

Page Tables:
P2 page table: [ -1 -1 -1 -1 1 4 0 -1 -1 3 5 6 -1 -1 2 -1 ]
P3 page table: [ -1 -1 -1 -1 -1 -1 -1 -1 -1 -1 -1 -1 -1 -1 7 -1 ]

Blocked Queue:
None

oss: P3 requesting read of address 2714 page 2 offset 666 at time 52:530000400
oss: Address 2714 is not in a frame. Page fault.
oss: P3 blocked for disk I/O until 52:544000400
oss: P2 requesting read of address 1720 page 1 offset 696 at time 52:530000400
oss: Address 1720 is not in a frame. Page fault.
oss: P2 blocked for disk I/O until 52:544000400
oss: All active processes are blocked. Advancing clock to 52:544000400
oss: Swapping in P3 page 2 into frame 8
oss: Page fault completed for P3. Address 2714 is now in frame 8.
oss: Swapping in P2 page 1 into frame 9
oss: Page fault completed for P2. Address 1720 is now in frame 9.
oss: P2 requesting read of address 13620 page 13 offset 308 at time 52:604000400
oss: Address 13620 is not in a frame. Page fault.
oss: P2 blocked for disk I/O until 52:618000400
oss: P3 requesting read of address 9024 page 8 offset 832 at time 52:604000400
oss: Address 9024 is not in a frame. Page fault.
oss: P3 blocked for disk I/O until 52:618000400
oss: All active processes are blocked. Advancing clock to 52:618000400
oss: Swapping in P2 page 13 into frame 10
oss: Page fault completed for P2. Address 13620 is now in frame 10.
oss: Swapping in P3 page 8 into frame 11
oss: Page fault completed for P3. Address 9024 is now in frame 11.
oss: P2 requesting read of address 2343 page 2 offset 295 at time 52:638000400
oss: Address 2343 is not in a frame. Page fault.
oss: P2 blocked for disk I/O until 52:652000400
oss: P3 requesting read of address 15967 page 15 offset 607 at time 52:638000400
oss: Address 15967 is not in a frame. Page fault.
oss: P3 blocked for disk I/O until 52:652000400
oss: All active processes are blocked. Advancing clock to 52:652000400
oss: Swapping in P2 page 2 into frame 12
oss: Page fault completed for P2. Address 2343 is now in frame 12.
oss: Swapping in P3 page 15 into frame 13
oss: Page fault completed for P3. Address 15967 is now in frame 13.
oss: P2 requesting read of address 12455 page 12 offset 167 at time 52:692000400
oss: Address 12455 is not in a frame. Page fault.
oss: P2 blocked for disk I/O until 52:706000400
oss: P3 requesting write of address 7339 page 7 offset 171 at time 52:692000400
oss: Address 7339 is not in a frame. Page fault.
oss: P3 blocked for disk I/O until 52:706000400
oss: All active processes are blocked. Advancing clock to 52:706000400
oss: Swapping in P2 page 12 into frame 14
oss: Page fault completed for P2. Address 12455 is now in frame 14.
oss: Swapping in P3 page 7 into frame 15
oss: Page fault completed for P3. Address 7339 is now in frame 15.
oss: P2 requesting write of address 3366 page 3 offset 294 at time 52:726000400
oss: Address 3366 is not in a frame. Page fault.
oss: P2 blocked for disk I/O until 52:740000400
oss: P3 requesting read of address 15263 page 14 offset 927 at time 52:726000400
oss: Address 15263 is in frame 7. Giving data to P3.
oss: Swapping in P2 page 3 into frame 16
oss: Page fault completed for P2. Address 3366 is now in frame 16.
oss: P3 requesting read of address 14555 page 14 offset 219 at time 52:756000500
oss: Address 14555 is in frame 7. Giving data to P3.
oss: P2 requesting read of address 754 page 0 offset 754 at time 52:756000600
oss: Address 754 is not in a frame. Page fault.
oss: P2 blocked for disk I/O until 52:770000600
oss: Swapping in P2 page 0 into frame 17
oss: Page fault completed for P2. Address 754 is now in frame 17.

Current memory layout at time 53:26000600 is:
Frame	Occupied	DirtyBit	Process	Page
0	Yes		1		2	6
1	Yes		1		2	4
2	Yes		0		2	14
3	Yes		0		2	9
4	Yes		0		2	5
5	Yes		1		2	10
6	Yes		0		2	11
7	Yes		0		3	14
8	Yes		0		3	2
9	Yes		0		2	1
10	Yes		0		2	13
11	Yes		0		3	8
12	Yes		0		2	2
13	Yes		0		3	15
14	Yes		0		2	12
15	Yes		1		3	7
16	Yes		1		2	3
17	Yes		0		2	0
18	No		0		-1	-1
19	No		0		-1	-1
20	No		0		-1	-1
21	No		0		-1	-1
22	No		0		-1	-1
23	No		0		-1	-1
24	No		0		-1	-1
25	No		0		-1	-1
26	No		0		-1	-1
27	No		0		-1	-1
28	No		0		-1	-1
29	No		0		-1	-1
30	No		0		-1	-1
31	No		0		-1	-1
32	No		0		-1	-1
33	No		0		-1	-1
34	No		0		-1	-1
35	No		0		-1	-1
36	No		0		-1	-1
37	No		0		-1	-1
38	No		0		-1	-1
39	No		0		-1	-1
40	No		0		-1	-1
41	No		0		-1	-1
42	No		0		-1	-1
43	No		0		-1	-1
44	No		0		-1	-1
45	No		0		-1	-1
46	No		0		-1	-1
47	No		0		-1	-1
48	No		0		-1	-1
49	No		0		-1	-1
50	No		0		-1	-1
51	No		0		-1	-1
52	No		0		-1	-1
53	No		0		-1	-1
54	No		0		-1	-1
55	No		0		-1	-1
56	No		0		-1	-1
57	No		0		-1	-1
58	No		0		-1	-1
59	No		0		-1	-1
60	No		0		-1	-1
61	No		0		-1	-1
62	No		0		-1	-1
63	No		0		-1	-1

Page Tables:
P2 page table: [ 17 9 12 16 1 4 0 -1 -1 3 5 6 14 10 2 -1 ]
P3 page table: [ -1 -1 8 -1 -1 -1 -1 15 11 -1 -1 -1 -1 -1 7 13 ]

Blocked Queue:
None

oss: P3 terminating at time 53:36000600
oss: P3 memory references: 7, page faults: 5
oss: P3 effective memory access time: 7576571514.285714 nanoseconds
oss: P2 terminating at time 53:36000600
oss: P2 memory references: 14, page faults: 13
oss: P2 effective memory access time: 3788285757.142857 nanoseconds
oss: Launched P4 with PID 39861 at time 53:46000600

Current memory layout at time 53:526000600 is:
Frame	Occupied	DirtyBit	Process	Page
0	No		0		-1	-1
1	No		0		-1	-1
2	No		0		-1	-1
3	No		0		-1	-1
4	No		0		-1	-1
5	No		0		-1	-1
6	No		0		-1	-1
7	No		0		-1	-1
8	No		0		-1	-1
9	No		0		-1	-1
10	No		0		-1	-1
11	No		0		-1	-1
12	No		0		-1	-1
13	No		0		-1	-1
14	No		0		-1	-1
15	No		0		-1	-1
16	No		0		-1	-1
17	No		0		-1	-1
18	No		0		-1	-1
19	No		0		-1	-1
20	No		0		-1	-1
21	No		0		-1	-1
22	No		0		-1	-1
23	No		0		-1	-1
24	No		0		-1	-1
25	No		0		-1	-1
26	No		0		-1	-1
27	No		0		-1	-1
28	No		0		-1	-1
29	No		0		-1	-1
30	No		0		-1	-1
31	No		0		-1	-1
32	No		0		-1	-1
33	No		0		-1	-1
34	No		0		-1	-1
35	No		0		-1	-1
36	No		0		-1	-1
37	No		0		-1	-1
38	No		0		-1	-1
39	No		0		-1	-1
40	No		0		-1	-1
41	No		0		-1	-1
42	No		0		-1	-1
43	No		0		-1	-1
44	No		0		-1	-1
45	No		0		-1	-1
46	No		0		-1	-1
47	No		0		-1	-1
48	No		0		-1	-1
49	No		0		-1	-1
50	No		0		-1	-1
51	No		0		-1	-1
52	No		0		-1	-1
53	No		0		-1	-1
54	No		0		-1	-1
55	No		0		-1	-1
56	No		0		-1	-1
57	No		0		-1	-1
58	No		0		-1	-1
59	No		0		-1	-1
60	No		0		-1	-1
61	No		0		-1	-1
62	No		0		-1	-1
63	No		0		-1	-1

Page Tables:
P4 page table: [ -1 -1 -1 -1 -1 -1 -1 -1 -1 -1 -1 -1 -1 -1 -1 -1 ]

Blocked Queue:
None


Current memory layout at time 54:26000600 is:
Frame	Occupied	DirtyBit	Process	Page
0	No		0		-1	-1
1	No		0		-1	-1
2	No		0		-1	-1
3	No		0		-1	-1
4	No		0		-1	-1
5	No		0		-1	-1
6	No		0		-1	-1
7	No		0		-1	-1
8	No		0		-1	-1
9	No		0		-1	-1
10	No		0		-1	-1
11	No		0		-1	-1
12	No		0		-1	-1
13	No		0		-1	-1
14	No		0		-1	-1
15	No		0		-1	-1
16	No		0		-1	-1
17	No		0		-1	-1
18	No		0		-1	-1
19	No		0		-1	-1
20	No		0		-1	-1
21	No		0		-1	-1
22	No		0		-1	-1
23	No		0		-1	-1
24	No		0		-1	-1
25	No		0		-1	-1
26	No		0		-1	-1
27	No		0		-1	-1
28	No		0		-1	-1
29	No		0		-1	-1
30	No		0		-1	-1
31	No		0		-1	-1
32	No		0		-1	-1
33	No		0		-1	-1
34	No		0		-1	-1
35	No		0		-1	-1
36	No		0		-1	-1
37	No		0		-1	-1
38	No		0		-1	-1
39	No		0		-1	-1
40	No		0		-1	-1
41	No		0		-1	-1
42	No		0		-1	-1
43	No		0		-1	-1
44	No		0		-1	-1
45	No		0		-1	-1
46	No		0		-1	-1
47	No		0		-1	-1
48	No		0		-1	-1
49	No		0		-1	-1
50	No		0		-1	-1
51	No		0		-1	-1
52	No		0		-1	-1
53	No		0		-1	-1
54	No		0		-1	-1
55	No		0		-1	-1
56	No		0		-1	-1
57	No		0		-1	-1
58	No		0		-1	-1
59	No		0		-1	-1
60	No		0		-1	-1
61	No		0		-1	-1
62	No		0		-1	-1
63	No		0		-1	-1

Page Tables:
P4 page table: [ -1 -1 -1 -1 -1 -1 -1 -1 -1 -1 -1 -1 -1 -1 -1 -1 ]

Blocked Queue:
None


Current memory layout at time 54:526000600 is:
Frame	Occupied	DirtyBit	Process	Page
0	No		0		-1	-1
1	No		0		-1	-1
2	No		0		-1	-1
3	No		0		-1	-1
4	No		0		-1	-1
5	No		0		-1	-1
6	No		0		-1	-1
7	No		0		-1	-1
8	No		0		-1	-1
9	No		0		-1	-1
10	No		0		-1	-1
11	No		0		-1	-1
12	No		0		-1	-1
13	No		0		-1	-1
14	No		0		-1	-1
15	No		0		-1	-1
16	No		0		-1	-1
17	No		0		-1	-1
18	No		0		-1	-1
19	No		0		-1	-1
20	No		0		-1	-1
21	No		0		-1	-1
22	No		0		-1	-1
23	No		0		-1	-1
24	No		0		-1	-1
25	No		0		-1	-1
26	No		0		-1	-1
27	No		0		-1	-1
28	No		0		-1	-1
29	No		0		-1	-1
30	No		0		-1	-1
31	No		0		-1	-1
32	No		0		-1	-1
33	No		0		-1	-1
34	No		0		-1	-1
35	No		0		-1	-1
36	No		0		-1	-1
37	No		0		-1	-1
38	No		0		-1	-1
39	No		0		-1	-1
40	No		0		-1	-1
41	No		0		-1	-1
42	No		0		-1	-1
43	No		0		-1	-1
44	No		0		-1	-1
45	No		0		-1	-1
46	No		0		-1	-1
47	No		0		-1	-1
48	No		0		-1	-1
49	No		0		-1	-1
50	No		0		-1	-1
51	No		0		-1	-1
52	No		0		-1	-1
53	No		0		-1	-1
54	No		0		-1	-1
55	No		0		-1	-1
56	No		0		-1	-1
57	No		0		-1	-1
58	No		0		-1	-1
59	No		0		-1	-1
60	No		0		-1	-1
61	No		0		-1	-1
62	No		0		-1	-1
63	No		0		-1	-1

Page Tables:
P4 page table: [ -1 -1 -1 -1 -1 -1 -1 -1 -1 -1 -1 -1 -1 -1 -1 -1 ]

Blocked Queue:
None


Current memory layout at time 55:26000600 is:
Frame	Occupied	DirtyBit	Process	Page
0	No		0		-1	-1
1	No		0		-1	-1
2	No		0		-1	-1
3	No		0		-1	-1
4	No		0		-1	-1
5	No		0		-1	-1
6	No		0		-1	-1
7	No		0		-1	-1
8	No		0		-1	-1
9	No		0		-1	-1
10	No		0		-1	-1
11	No		0		-1	-1
12	No		0		-1	-1
13	No		0		-1	-1
14	No		0		-1	-1
15	No		0		-1	-1
16	No		0		-1	-1
17	No		0		-1	-1
18	No		0		-1	-1
19	No		0		-1	-1
20	No		0		-1	-1
21	No		0		-1	-1
22	No		0		-1	-1
23	No		0		-1	-1
24	No		0		-1	-1
25	No		0		-1	-1
26	No		0		-1	-1
27	No		0		-1	-1
28	No		0		-1	-1
29	No		0		-1	-1
30	No		0		-1	-1
31	No		0		-1	-1
32	No		0		-1	-1
33	No		0		-1	-1
34	No		0		-1	-1
35	No		0		-1	-1
36	No		0		-1	-1
37	No		0		-1	-1
38	No		0		-1	-1
39	No		0		-1	-1
40	No		0		-1	-1
41	No		0		-1	-1
42	No		0		-1	-1
43	No		0		-1	-1
44	No		0		-1	-1
45	No		0		-1	-1
46	No		0		-1	-1
47	No		0		-1	-1
48	No		0		-1	-1
49	No		0		-1	-1
50	No		0		-1	-1
51	No		0		-1	-1
52	No		0		-1	-1
53	No		0		-1	-1
54	No		0		-1	-1
55	No		0		-1	-1
56	No		0		-1	-1
57	No		0		-1	-1
58	No		0		-1	-1
59	No		0		-1	-1
60	No		0		-1	-1
61	No		0		-1	-1
62	No		0		-1	-1
63	No		0		-1	-1

Page Tables:
P4 page table: [ -1 -1 -1 -1 -1 -1 -1 -1 -1 -1 -1 -1 -1 -1 -1 -1 ]

Blocked Queue:
None


Current memory layout at time 55:526000600 is:
Frame	Occupied	DirtyBit	Process	Page
0	No		0		-1	-1
1	No		0		-1	-1
2	No		0		-1	-1
3	No		0		-1	-1
4	No		0		-1	-1
5	No		0		-1	-1
6	No		0		-1	-1
7	No		0		-1	-1
8	No		0		-1	-1
9	No		0		-1	-1
10	No		0		-1	-1
11	No		0		-1	-1
12	No		0		-1	-1
13	No		0		-1	-1
14	No		0		-1	-1
15	No		0		-1	-1
16	No		0		-1	-1
17	No		0		-1	-1
18	No		0		-1	-1
19	No		0		-1	-1
20	No		0		-1	-1
21	No		0		-1	-1
22	No		0		-1	-1
23	No		0		-1	-1
24	No		0		-1	-1
25	No		0		-1	-1
26	No		0		-1	-1
27	No		0		-1	-1
28	No		0		-1	-1
29	No		0		-1	-1
30	No		0		-1	-1
31	No		0		-1	-1
32	No		0		-1	-1
33	No		0		-1	-1
34	No		0		-1	-1
35	No		0		-1	-1
36	No		0		-1	-1
37	No		0		-1	-1
38	No		0		-1	-1
39	No		0		-1	-1
40	No		0		-1	-1
41	No		0		-1	-1
42	No		0		-1	-1
43	No		0		-1	-1
44	No		0		-1	-1
45	No		0		-1	-1
46	No		0		-1	-1
47	No		0		-1	-1
48	No		0		-1	-1
49	No		0		-1	-1
50	No		0		-1	-1
51	No		0		-1	-1
52	No		0		-1	-1
53	No		0		-1	-1
54	No		0		-1	-1
55	No		0		-1	-1
56	No		0		-1	-1
57	No		0		-1	-1
58	No		0		-1	-1
59	No		0		-1	-1
60	No		0		-1	-1
61	No		0		-1	-1
62	No		0		-1	-1
63	No		0		-1	-1

Page Tables:
P4 page table: [ -1 -1 -1 -1 -1 -1 -1 -1 -1 -1 -1 -1 -1 -1 -1 -1 ]

Blocked Queue:
None


Current memory layout at time 56:26000600 is:
Frame	Occupied	DirtyBit	Process	Page
0	No		0		-1	-1
1	No		0		-1	-1
2	No		0		-1	-1
3	No		0		-1	-1
4	No		0		-1	-1
5	No		0		-1	-1
6	No		0		-1	-1
7	No		0		-1	-1
8	No		0		-1	-1
9	No		0		-1	-1
10	No		0		-1	-1
11	No		0		-1	-1
12	No		0		-1	-1
13	No		0		-1	-1
14	No		0		-1	-1
15	No		0		-1	-1
16	No		0		-1	-1
17	No		0		-1	-1
18	No		0		-1	-1
19	No		0		-1	-1
20	No		0		-1	-1
21	No		0		-1	-1
22	No		0		-1	-1
23	No		0		-1	-1
24	No		0		-1	-1
25	No		0		-1	-1
26	No		0		-1	-1
27	No		0		-1	-1
28	No		0		-1	-1
29	No		0		-1	-1
30	No		0		-1	-1
31	No		0		-1	-1
32	No		0		-1	-1
33	No		0		-1	-1
34	No		0		-1	-1
35	No		0		-1	-1
36	No		0		-1	-1
37	No		0		-1	-1
38	No		0		-1	-1
39	No		0		-1	-1
40	No		0		-1	-1
41	No		0		-1	-1
42	No		0		-1	-1
43	No		0		-1	-1
44	No		0		-1	-1
45	No		0		-1	-1
46	No		0		-1	-1
47	No		0		-1	-1
48	No		0		-1	-1
49	No		0		-1	-1
50	No		0		-1	-1
51	No		0		-1	-1
52	No		0		-1	-1
53	No		0		-1	-1
54	No		0		-1	-1
55	No		0		-1	-1
56	No		0		-1	-1
57	No		0		-1	-1
58	No		0		-1	-1
59	No		0		-1	-1
60	No		0		-1	-1
61	No		0		-1	-1
62	No		0		-1	-1
63	No		0		-1	-1

Page Tables:
P4 page table: [ -1 -1 -1 -1 -1 -1 -1 -1 -1 -1 -1 -1 -1 -1 -1 -1 ]

Blocked Queue:
None


Current memory layout at time 56:526000600 is:
Frame	Occupied	DirtyBit	Process	Page
0	No		0		-1	-1
1	No		0		-1	-1
2	No		0		-1	-1
3	No		0		-1	-1
4	No		0		-1	-1
5	No		0		-1	-1
6	No		0		-1	-1
7	No		0		-1	-1
8	No		0		-1	-1
9	No		0		-1	-1
10	No		0		-1	-1
11	No		0		-1	-1
12	No		0		-1	-1
13	No		0		-1	-1
14	No		0		-1	-1
15	No		0		-1	-1
16	No		0		-1	-1
17	No		0		-1	-1
18	No		0		-1	-1
19	No		0		-1	-1
20	No		0		-1	-1
21	No		0		-1	-1
22	No		0		-1	-1
23	No		0		-1	-1
24	No		0		-1	-1
25	No		0		-1	-1
26	No		0		-1	-1
27	No		0		-1	-1
28	No		0		-1	-1
29	No		0		-1	-1
30	No		0		-1	-1
31	No		0		-1	-1
32	No		0		-1	-1
33	No		0		-1	-1
34	No		0		-1	-1
35	No		0		-1	-1
36	No		0		-1	-1
37	No		0		-1	-1
38	No		0		-1	-1
39	No		0		-1	-1
40	No		0		-1	-1
41	No		0		-1	-1
42	No		0		-1	-1
43	No		0		-1	-1
44	No		0		-1	-1
45	No		0		-1	-1
46	No		0		-1	-1
47	No		0		-1	-1
48	No		0		-1	-1
49	No		0		-1	-1
50	No		0		-1	-1
51	No		0		-1	-1
52	No		0		-1	-1
53	No		0		-1	-1
54	No		0		-1	-1
55	No		0		-1	-1
56	No		0		-1	-1
57	No		0		-1	-1
58	No		0		-1	-1
59	No		0		-1	-1
60	No		0		-1	-1
61	No		0		-1	-1
62	No		0		-1	-1
63	No		0		-1	-1

Page Tables:
P4 page table: [ -1 -1 -1 -1 -1 -1 -1 -1 -1 -1 -1 -1 -1 -1 -1 -1 ]

Blocked Queue:
None

oss: P4 requesting write of address 123 page 0 offset 123 at time 56:536000600
oss: Address 123 is not in a frame. Page fault.
oss: P4 blocked for disk I/O until 56:550000600
oss: All active processes are blocked. Advancing clock to 56:550000600
oss: Swapping in P4 page 0 into frame 0
oss: Page fault completed for P4. Address 123 is now in frame 0.
oss: P4 requesting read of address 4450 page 4 offset 354 at time 56:670000600
oss: Address 4450 is not in a frame. Page fault.
oss: P4 blocked for disk I/O until 56:684000600
oss: All active processes are blocked. Advancing clock to 56:684000600
oss: Swapping in P4 page 4 into frame 1
oss: Page fault completed for P4. Address 4450 is now in frame 1.
oss: P4 requesting read of address 6788 page 6 offset 644 at time 56:864000600
oss: Address 6788 is not in a frame. Page fault.
oss: P4 blocked for disk I/O until 56:878000600
oss: All active processes are blocked. Advancing clock to 56:878000600
oss: Swapping in P4 page 6 into frame 2
oss: Page fault completed for P4. Address 6788 is now in frame 2.

Current memory layout at time 57:28000600 is:
Frame	Occupied	DirtyBit	Process	Page
0	Yes		1		4	0
1	Yes		0		4	4
2	Yes		0		4	6
3	No		0		-1	-1
4	No		0		-1	-1
5	No		0		-1	-1
6	No		0		-1	-1
7	No		0		-1	-1
8	No		0		-1	-1
9	No		0		-1	-1
10	No		0		-1	-1
11	No		0		-1	-1
12	No		0		-1	-1
13	No		0		-1	-1
14	No		0		-1	-1
15	No		0		-1	-1
16	No		0		-1	-1
17	No		0		-1	-1
18	No		0		-1	-1
19	No		0		-1	-1
20	No		0		-1	-1
21	No		0		-1	-1
22	No		0		-1	-1
23	No		0		-1	-1
24	No		0		-1	-1
25	No		0		-1	-1
26	No		0		-1	-1
27	No		0		-1	-1
28	No		0		-1	-1
29	No		0		-1	-1
30	No		0		-1	-1
31	No		0		-1	-1
32	No		0		-1	-1
33	No		0		-1	-1
34	No		0		-1	-1
35	No		0		-1	-1
36	No		0		-1	-1
37	No		0		-1	-1
38	No		0		-1	-1
39	No		0		-1	-1
40	No		0		-1	-1
41	No		0		-1	-1
42	No		0		-1	-1
43	No		0		-1	-1
44	No		0		-1	-1
45	No		0		-1	-1
46	No		0		-1	-1
47	No		0		-1	-1
48	No		0		-1	-1
49	No		0		-1	-1
50	No		0		-1	-1
51	No		0		-1	-1
52	No		0		-1	-1
53	No		0		-1	-1
54	No		0		-1	-1
55	No		0		-1	-1
56	No		0		-1	-1
57	No		0		-1	-1
58	No		0		-1	-1
59	No		0		-1	-1
60	No		0		-1	-1
61	No		0		-1	-1
62	No		0		-1	-1
63	No		0		-1	-1

Page Tables:
P4 page table: [ 0 -1 -1 -1 1 -1 2 -1 -1 -1 -1 -1 -1 -1 -1 -1 ]

Blocked Queue:
None

oss: P4 requesting read of address 7860 page 7 offset 692 at time 57:38000600
oss: Address 7860 is not in a frame. Page fault.
oss: P4 blocked for disk I/O until 57:52000600
oss: All active processes are blocked. Advancing clock to 57:52000600
oss: Swapping in P4 page 7 into frame 3
oss: Page fault completed for P4. Address 7860 is now in frame 3.
oss: P4 requesting write of address 9566 page 9 offset 350 at time 57:152000600
oss: Address 9566 is not in a frame. Page fault.
oss: P4 blocked for disk I/O until 57:166000600
oss: All active processes are blocked. Advancing clock to 57:166000600
oss: Swapping in P4 page 9 into frame 4
oss: Page fault completed for P4. Address 9566 is now in frame 4.
oss: P4 requesting write of address 5296 page 5 offset 176 at time 57:486000600
oss: Address 5296 is not in a frame. Page fault.
oss: P4 blocked for disk I/O until 57:500000600
oss: All active processes are blocked. Advancing clock to 57:500000600
oss: Swapping in P4 page 5 into frame 5
oss: Page fault completed for P4. Address 5296 is now in frame 5.

Current memory layout at time 57:530000600 is:
Frame	Occupied	DirtyBit	Process	Page
0	Yes		1		4	0
1	Yes		0		4	4
2	Yes		0		4	6
3	Yes		0		4	7
4	Yes		1		4	9
5	Yes		1		4	5
6	No		0		-1	-1
7	No		0		-1	-1
8	No		0		-1	-1
9	No		0		-1	-1
10	No		0		-1	-1
11	No		0		-1	-1
12	No		0		-1	-1
13	No		0		-1	-1
14	No		0		-1	-1
15	No		0		-1	-1
16	No		0		-1	-1
17	No		0		-1	-1
18	No		0		-1	-1
19	No		0		-1	-1
20	No		0		-1	-1
21	No		0		-1	-1
22	No		0		-1	-1
23	No		0		-1	-1
24	No		0		-1	-1
25	No		0		-1	-1
26	No		0		-1	-1
27	No		0		-1	-1
28	No		0		-1	-1
29	No		0		-1	-1
30	No		0		-1	-1
31	No		0		-1	-1
32	No		0		-1	-1
33	No		0		-1	-1
34	No		0		-1	-1
35	No		0		-1	-1
36	No		0		-1	-1
37	No		0		-1	-1
38	No		0		-1	-1
39	No		0		-1	-1
40	No		0		-1	-1
41	No		0		-1	-1
42	No		0		-1	-1
43	No		0		-1	-1
44	No		0		-1	-1
45	No		0		-1	-1
46	No		0		-1	-1
47	No		0		-1	-1
48	No		0		-1	-1
49	No		0		-1	-1
50	No		0		-1	-1
51	No		0		-1	-1
52	No		0		-1	-1
53	No		0		-1	-1
54	No		0		-1	-1
55	No		0		-1	-1
56	No		0		-1	-1
57	No		0		-1	-1
58	No		0		-1	-1
59	No		0		-1	-1
60	No		0		-1	-1
61	No		0		-1	-1
62	No		0		-1	-1
63	No		0		-1	-1

Page Tables:
P4 page table: [ 0 -1 -1 -1 1 5 2 3 -1 4 -1 -1 -1 -1 -1 -1 ]

Blocked Queue:
None

oss: P4 requesting read of address 2826 page 2 offset 778 at time 57:540000600
oss: Address 2826 is not in a frame. Page fault.
oss: P4 blocked for disk I/O until 57:554000600
oss: All active processes are blocked. Advancing clock to 57:554000600
oss: Swapping in P4 page 2 into frame 6
oss: Page fault completed for P4. Address 2826 is now in frame 6.
oss: P4 requesting write of address 11057 page 10 offset 817 at time 57:934000600
oss: Address 11057 is not in a frame. Page fault.
oss: P4 blocked for disk I/O until 57:948000600
oss: All active processes are blocked. Advancing clock to 57:948000600
oss: Swapping in P4 page 10 into frame 7
oss: Page fault completed for P4. Address 11057 is now in frame 7.
oss: P4 requesting write of address 566 page 0 offset 566 at time 58:8000600
oss: Address 566 is in frame 0. Giving data to P4.

Current memory layout at time 58:38000700 is:
Frame	Occupied	DirtyBit	Process	Page
0	Yes		1		4	0
1	Yes		0		4	4
2	Yes		0		4	6
3	Yes		0		4	7
4	Yes		1		4	9
5	Yes		1		4	5
6	Yes		0		4	2
7	Yes		1		4	10
8	No		0		-1	-1
9	No		0		-1	-1
10	No		0		-1	-1
11	No		0		-1	-1
12	No		0		-1	-1
13	No		0		-1	-1
14	No		0		-1	-1
15	No		0		-1	-1
16	No		0		-1	-1
17	No		0		-1	-1
18	No		0		-1	-1
19	No		0		-1	-1
20	No		0		-1	-1
21	No		0		-1	-1
22	No		0		-1	-1
23	No		0		-1	-1
24	No		0		-1	-1
25	No		0		-1	-1
26	No		0		-1	-1
27	No		0		-1	-1
28	No		0		-1	-1
29	No		0		-1	-1
30	No		0		-1	-1
31	No		0		-1	-1
32	No		0		-1	-1
33	No		0		-1	-1
34	No		0		-1	-1
35	No		0		-1	-1
36	No		0		-1	-1
37	No		0		-1	-1
38	No		0		-1	-1
39	No		0		-1	-1
40	No		0		-1	-1
41	No		0		-1	-1
42	No		0		-1	-1
43	No		0		-1	-1
44	No		0		-1	-1
45	No		0		-1	-1
46	No		0		-1	-1
47	No		0		-1	-1
48	No		0		-1	-1
49	No		0		-1	-1
50	No		0		-1	-1
51	No		0		-1	-1
52	No		0		-1	-1
53	No		0		-1	-1
54	No		0		-1	-1
55	No		0		-1	-1
56	No		0		-1	-1
57	No		0		-1	-1
58	No		0		-1	-1
59	No		0		-1	-1
60	No		0		-1	-1
61	No		0		-1	-1
62	No		0		-1	-1
63	No		0		-1	-1

Page Tables:
P4 page table: [ 0 -1 6 -1 1 5 2 3 -1 4 7 -1 -1 -1 -1 -1 ]

Blocked Queue:
None

oss: P4 requesting write of address 11014 page 10 offset 774 at time 58:48000700
oss: Address 11014 is in frame 7. Giving data to P4.
oss: P4 requesting read of address 2422 page 2 offset 374 at time 58:88000800
oss: Address 2422 is in frame 6. Giving data to P4.
oss: P4 requesting read of address 13087 page 12 offset 799 at time 58:338000900
oss: Address 13087 is not in a frame. Page fault.
oss: P4 blocked for disk I/O until 58:352000900
oss: All active processes are blocked. Advancing clock to 58:352000900
oss: Swapping in P4 page 12 into frame 8
oss: Page fault completed for P4. Address 13087 is now in frame 8.

Current memory layout at time 58:542000900 is:
Frame	Occupied	DirtyBit	Process	Page
0	Yes		1		4	0
1	Yes		0		4	4
2	Yes		0		4	6
3	Yes		0		4	7
4	Yes		1		4	9
5	Yes		1		4	5
6	Yes		0		4	2
7	Yes		1		4	10
8	Yes		0		4	12
9	No		0		-1	-1
10	No		0		-1	-1
11	No		0		-1	-1
12	No		0		-1	-1
13	No		0		-1	-1
14	No		0		-1	-1
15	No		0		-1	-1
16	No		0		-1	-1
17	No		0		-1	-1
18	No		0		-1	-1
19	No		0		-1	-1
20	No		0		-1	-1
21	No		0		-1	-1
22	No		0		-1	-1
23	No		0		-1	-1
24	No		0		-1	-1
25	No		0		-1	-1
26	No		0		-1	-1
27	No		0		-1	-1
28	No		0		-1	-1
29	No		0		-1	-1
30	No		0		-1	-1
31	No		0		-1	-1
32	No		0		-1	-1
33	No		0		-1	-1
34	No		0		-1	-1
35	No		0		-1	-1
36	No		0		-1	-1
37	No		0		-1	-1
38	No		0		-1	-1
39	No		0		-1	-1
40	No		0		-1	-1
41	No		0		-1	-1
42	No		0		-1	-1
43	No		0		-1	-1
44	No		0		-1	-1
45	No		0		-1	-1
46	No		0		-1	-1
47	No		0		-1	-1
48	No		0		-1	-1
49	No		0		-1	-1
50	No		0		-1	-1
51	No		0		-1	-1
52	No		0		-1	-1
53	No		0		-1	-1
54	No		0		-1	-1
55	No		0		-1	-1
56	No		0		-1	-1
57	No		0		-1	-1
58	No		0		-1	-1
59	No		0		-1	-1
60	No		0		-1	-1
61	No		0		-1	-1
62	No		0		-1	-1
63	No		0		-1	-1

Page Tables:
P4 page table: [ 0 -1 6 -1 1 5 2 3 -1 4 7 -1 8 -1 -1 -1 ]

Blocked Queue:
None

oss: P4 requesting read of address 1102 page 1 offset 78 at time 58:552000900
oss: Address 1102 is not in a frame. Page fault.
oss: P4 blocked for disk I/O until 58:566000900
oss: All active processes are blocked. Advancing clock to 58:566000900
oss: Swapping in P4 page 1 into frame 9
oss: Page fault completed for P4. Address 1102 is now in frame 9.
oss: P4 terminating at time 58:756000900
oss: P4 memory references: 13, page faults: 10
oss: P4 effective memory access time: 4519692376.923077 nanoseconds

Current memory layout at time 58:766000900 is:
Frame	Occupied	DirtyBit	Process	Page
0	No		0		-1	-1
1	No		0		-1	-1
2	No		0		-1	-1
3	No		0		-1	-1
4	No		0		-1	-1
5	No		0		-1	-1
6	No		0		-1	-1
7	No		0		-1	-1
8	No		0		-1	-1
9	No		0		-1	-1
10	No		0		-1	-1
11	No		0		-1	-1
12	No		0		-1	-1
13	No		0		-1	-1
14	No		0		-1	-1
15	No		0		-1	-1
16	No		0		-1	-1
17	No		0		-1	-1
18	No		0		-1	-1
19	No		0		-1	-1
20	No		0		-1	-1
21	No		0		-1	-1
22	No		0		-1	-1
23	No		0		-1	-1
24	No		0		-1	-1
25	No		0		-1	-1
26	No		0		-1	-1
27	No		0		-1	-1
28	No		0		-1	-1
29	No		0		-1	-1
30	No		0		-1	-1
31	No		0		-1	-1
32	No		0		-1	-1
33	No		0		-1	-1
34	No		0		-1	-1
35	No		0		-1	-1
36	No		0		-1	-1
37	No		0		-1	-1
38	No		0		-1	-1
39	No		0		-1	-1
40	No		0		-1	-1
41	No		0		-1	-1
42	No		0		-1	-1
43	No		0		-1	-1
44	No		0		-1	-1
45	No		0		-1	-1
46	No		0		-1	-1
47	No		0		-1	-1
48	No		0		-1	-1
49	No		0		-1	-1
50	No		0		-1	-1
51	No		0		-1	-1
52	No		0		-1	-1
53	No		0		-1	-1
54	No		0		-1	-1
55	No		0		-1	-1
56	No		0		-1	-1
57	No		0		-1	-1
58	No		0		-1	-1
59	No		0		-1	-1
60	No		0		-1	-1
61	No		0		-1	-1
62	No		0		-1	-1
63	No		0		-1	-1

Page Tables:

Blocked Queue:
None


Final Statistics:
Total memory references: 51
Total reads: 35
Total writes: 16
Total page faults: 42
Page fault percentage: 82.352941%
Effective memory access time: 1152274527.450980 nanoseconds

oss: Simulation complete. Cleaning up.
